MutationType	FFPE_Repaired_sig	FFPE_Unrepaired_sig
C>A@A_A	0.016172495424419734	0.002193103716129495
C>A@A_C	0.01568449025620029	0.001502305715500669
C>A@A_G	3.5125114074368956e-05	2.2420387382919557e-06
C>A@A_T	0.010189091228756962	0.0011271623038411
C>A@C_A	0.0036055448052068582	0.0008529549604531591
C>A@C_C	0.005030481404603907	0.0010568048704884298
C>A@C_G	0.0005991407611575553	0.00014182437688263909
C>A@C_T	0.0018306523759725694	0.00021098920355547128
C>A@G_A	0.02522587951886837	0.0017706939711578636
C>A@G_C	0.000789297870844033	5.480673485925783e-05
C>A@G_G	3.4973465863506685e-05	6.748250642173824e-06
C>A@G_T	9.066102116830876e-05	5.232567193618894e-05
C>A@T_A	0.006165022291802177	0.0008582950711685181
C>A@T_C	0.0013057970516677608	0.0004244490602036349
C>A@T_G	3.9974685558758735e-05	3.2879735284761822e-06
C>A@T_T	0.00725251058711316	0.0013823819414014902
C>G@A_A	0.0014256089189909895	0.00016671417971150654
C>G@A_C	7.609775863852582e-05	1.760610971915513e-05
C>G@A_G	6.741478742315214e-05	2.2420387382919557e-06
C>G@A_T	0.00023600524273058882	3.917069048407107e-05
C>G@C_A	0.00022512857626567353	1.9853592692306776e-06
C>G@C_C	0.00018442840098960279	5.042388788032825e-06
C>G@C_G	0.0008919679983262523	0.00020911390243970554
C>G@C_T	0.0010372572496077734	0.0005611743702233185
C>G@G_A	0.0005470945842742147	5.911070009135343e-05
C>G@G_C	0.0004519266273759944	0.00039352437614312155
C>G@G_G	0.0013897636137865249	0.00020281793556204433
C>G@G_T	0.0001290439692184744	6.752976456407404e-06
C>G@T_A	0.00010607692390915545	8.576502658765467e-06
C>G@T_C	0.0001970840678300676	1.8100080003361567e-05
C>G@T_G	0.001449388442831988	0.00028584367707023406
C>G@T_T	0.0008423531536802921	8.644150759732296e-06
C>T@A_A	0.023470598580027282	0.10982118436180172
C>T@A_C	0.009128272855629322	0.056790962368884125
C>T@A_G	0.14422743396762194	0.015860917058109467
C>T@A_T	0.028726797889948114	0.08686809578770525
C>T@C_A	0.03286222006555743	0.09442156138939457
C>T@C_C	0.031517253355881535	0.0648010731037076
C>T@C_G	0.13742498851104476	0.013925509749762371
C>T@C_T	0.020782867621844874	0.08253361958442974
C>T@G_A	0.027027624549189087	0.04876328716035804
C>T@G_C	0.024496856718331884	0.043800355285336795
C>T@G_G	0.12029758519487059	0.011382857858149522
C>T@G_T	0.012564951086937795	0.039951337299303176
C>T@T_A	0.03179680103915695	0.10896376083834594
C>T@T_C	0.027579330019883667	0.07535391514377954
C>T@T_G	0.1118187111764901	0.013534223241740154
C>T@T_T	0.015216328133623383	0.11233020207544547
T>A@A_A	0.0025330077076483244	0.0004356113711390165
T>A@A_C	0.0010740039693050872	7.500600508364831e-05
T>A@A_G	9.46364921737503e-05	4.4195185659790245e-06
T>A@A_T	9.450122818409005e-05	2.348405952310672e-05
T>A@C_A	0.0026219095907638766	5.52443243452646e-05
T>A@C_C	5.6446962243357254e-05	4.3234028079242e-05
T>A@C_G	0.0026064022954493306	4.081193736284712e-05
T>A@C_T	9.999102133713066e-06	1.6579295944102142e-05
T>A@G_A	0.01060696813902833	0.0004651376681768941
T>A@G_C	0.0005252848160724155	1.3846795876976415e-05
T>A@G_G	0.007677883069308308	0.0009019737776940869
T>A@G_T	0.0027839412307863443	0.00011686796823909248
T>A@T_A	6.76547315256162e-05	7.981175809526092e-05
T>A@T_C	6.201180014237949e-06	1.8780905278975687e-05
T>A@T_G	8.343275341771316e-06	1.8534446592868405e-05
T>A@T_T	4.7319125975839785e-05	0.0
T>C@A_A	0.0	0.0
T>C@A_C	0.0	0.0
T>C@A_G	0.0	0.0
T>C@A_T	0.0	0.0
T>C@C_A	0.0	0.0
T>C@C_C	0.0	0.0
T>C@C_G	0.0	0.0
T>C@C_T	0.0	0.0
T>C@G_A	0.0	0.0
T>C@G_C	0.0	0.0
T>C@G_G	0.0	0.0
T>C@G_T	0.0	0.0
T>C@T_A	0.0	0.0
T>C@T_C	0.0	0.0
T>C@T_G	0.0	0.0
T>C@T_T	0.0	0.0
T>G@A_A	0.0001861472294256415	3.4296438665026216e-06
T>G@A_C	0.0011253939536660282	3.9748491672917596e-05
T>G@A_G	0.008279637929343475	0.0005405491766765585
T>G@A_T	1.9345838484915555e-05	0.0
T>G@C_A	1.2875637958422005e-05	2.809408443693244e-06
T>G@C_C	0.0014336767737990277	3.0352366895681537e-05
T>G@C_G	0.012097290450815985	0.0007603910348331811
T>G@C_T	0.0019912958775539146	3.896055786905484e-06
T>G@G_A	0.0006351437372643432	5.831860252096008e-05
T>G@G_C	0.008639075080106305	0.0010391830401175058
T>G@G_G	0.011068754579543334	0.0011708100974691152
T>G@G_T	0.00012100982567386534	2.2331043503078174e-05
T>G@T_A	0.0020927597560578323	0.0004286844754889266
T>G@T_C	0.0029909093872112933	3.8199239432460645e-05
T>G@T_G	0.014149707574490165	0.0007098194832119434
T>G@T_T	0.0020960745074548957	0.00011247637522462119
