MutationType	Repaired_sig(mean)	Repaired_sig(std)	Unrepaired_sig(mean)	Unrepaired_sig(std)
C>A@A_A	0.017198196422111515	0.0016410040449272754	0.002572809679127397	0.00031576095208841565
C>A@A_C	0.014636392803067753	0.0015603427203228885	0.0020299821005173445	0.00034859575125932487
C>A@A_G	7.418239982253805e-05	3.197265426442623e-05	1.6260123466972376e-06	2.2399628277553781e-07
C>A@A_T	0.010283064164252832	0.0015947873833015247	0.0013364709613983131	0.00041230126101285874
C>A@C_A	0.004240104251596103	0.0009161078683193775	0.0007928944047786415	0.0001213063188297366
C>A@C_C	0.00537870716063728	0.0010549151689640437	0.0012017639265291503	0.0002949174307867765
C>A@C_G	0.0009680570348526554	0.0002245630529903084	0.00017223554119887735	4.170442338655479e-05
C>A@C_T	0.0018715421434721186	0.00018089588973191253	0.0002403482861959969	0.0001351189872302487
C>A@G_A	0.024699437584842145	0.001301219641987337	0.002320772933453793	0.0003499312303833684
C>A@G_C	0.001053663217013862	0.00019782315046079098	7.164085262496953e-05	2.231205701650951e-05
C>A@G_G	0.00010224869993507908	7.023721632140945e-05	4.894089774354889e-06	6.74200241623004e-07
C>A@G_T	0.0002522295215212181	0.00015412304665070222	3.7948580978707895e-05	5.2277223436236324e-06
C>A@T_A	0.0060236577586934015	0.000976233199869992	0.0009777670669311195	0.00020755145628323666
C>A@T_C	0.00133557604615734	0.0002739132091305268	0.0004974713441134684	0.0001307575871642017
C>A@T_G	0.00010558546250526901	6.923048462312951e-05	5.6560406567563325e-06	9.301934977645876e-06
C>A@T_T	0.008048968192309266	0.0013456054450077084	0.0015554348638684135	0.00028969350285269535
C>G@A_A	0.001651615935590378	0.0003500007498556845	0.00014793130565321695	9.714558499733846e-05
C>G@A_C	0.00020713660745487464	0.00011351704089044403	1.2768624953582135e-05	1.7589808168227429e-06
C>G@A_G	0.00014015556040001054	3.9887720839826644e-05	1.6260123466972376e-06	2.2399628277553781e-07
C>G@A_T	0.0006179836433967697	0.00025584087872404374	2.8408084690043223e-05	3.913442222174707e-06
C>G@C_A	0.0008229287706872023	0.000646678531961157	1.439858566787402e-06	1.983521019000878e-07
C>G@C_C	0.00044468765513765656	0.00035879363123250593	3.6569334356975913e-06	5.037720024805938e-07
C>G@C_G	0.001518658796034526	0.00032285860957909426	0.0001993156278862458	2.3274647796759296e-05
C>G@C_T	0.001884856273874306	0.0007588638412022041	0.0007540986445412637	0.00012465130498879492
C>G@G_A	0.0005532355050313632	7.992464736974703e-05	8.493896245861346e-05	1.1701025451735402e-05
C>G@G_C	0.0009140552767894393	0.0008517619266349452	0.0004415957991627503	0.00010522666901979293
C>G@G_G	0.0011657766285212	0.00012528717957365054	0.0002225939912806918	4.856419848169103e-05
C>G@G_T	0.00030654910730109773	0.00016501873836240047	4.897517115801204e-06	6.746723854817745e-07
C>G@T_A	0.00029264460187757415	0.00019089446724398606	6.220008145469591e-06	8.568561648678422e-07
C>G@T_C	0.0004915532389889772	0.0002533564605646185	1.3126871119138178e-05	1.808332108383438e-06
C>G@T_G	0.0017558468324258218	0.00032519291975865365	0.00032231466669478036	4.809025737474515e-05
C>G@T_T	0.0007980363099701019	0.00011600727255820143	6.2690691387182995e-06	8.63614711406131e-07
C>T@A_A	0.023943422685311834	0.0010650768048380737	0.10923328802985774	0.0016645528817148404
C>T@A_C	0.008810389374107136	0.0008328503912157743	0.05637936929650819	0.0010525923072488036
C>T@A_G	0.1417861105010787	0.003512602906735857	0.016481730776941886	0.00048088695386454993
C>T@A_T	0.032500089845176106	0.002223010126611496	0.08453366415919501	0.0016084262999694848
C>T@C_A	0.031572342502590424	0.001160065345144776	0.09548168437616077	0.0010164074160952895
C>T@C_C	0.02832992505292888	0.0020233803303527347	0.06720161063797313	0.0012730004537911388
C>T@C_G	0.13389413997354574	0.0023748355932248486	0.014763875490753758	0.0007568567341181565
C>T@C_T	0.02062827871416508	0.0016104348552881899	0.08045083035790623	0.0011120415152664819
C>T@G_A	0.026459572618545778	0.0012318268539587896	0.04937130975107309	0.0007925238792616657
C>T@G_C	0.0234781682748267	0.0014863820009649257	0.044575161025593724	0.0007187552101506075
C>T@G_G	0.11424622159493468	0.003246175096512362	0.012526998470550386	0.0008243729046828342
C>T@G_T	0.013887920689674331	0.000919942854723201	0.039405539032155865	0.0006282077472712634
C>T@T_A	0.03227640629891409	0.0017884330938235066	0.10587107884612841	0.002483677060098326
C>T@T_C	0.029372777333930906	0.0017226950339829473	0.07483318147056699	0.0011404278916090182
C>T@T_G	0.11192355494150553	0.0019718905388928045	0.01401316369217121	0.0005728519138494518
C>T@T_T	0.016460726983657335	0.0013635856031191244	0.10981860354189836	0.0033856634375142155
T>A@A_A	0.0025530924910886865	0.0005686142408321399	0.0003770555230430423	0.0001464699122721272
T>A@A_C	0.000949123229325386	0.00013135824229725101	0.00016301606540403853	6.52468165266012e-05
T>A@A_G	0.0002418654651074153	0.00019641187404812377	3.205204099289649e-06	4.415426520198988e-07
T>A@A_T	0.0004875193888553875	0.0007965840357301293	1.7031539233900567e-05	2.346231556044764e-06
T>A@C_A	0.003244723695074924	0.0012637274335712228	8.492428678863395e-05	6.588276229064377e-05
T>A@C_C	0.00013061885401333543	7.296294169932259e-05	3.135497271017636e-05	4.319399756019002e-06
T>A@C_G	0.0028698968832225665	0.0005485714438205999	4.867777967361132e-05	2.692548864895435e-05
T>A@C_T	4.194069292037506e-05	3.0479258203461773e-05	1.2023940284455093e-05	1.656394512319455e-06
T>A@G_A	0.01065309103669146	0.0014080138162745634	0.0006807522832753606	0.00036803159862409235
T>A@G_C	0.0005216826955723492	5.513687429177304e-05	1.004222660100539e-05	1.3833975086252349e-06
T>A@G_G	0.007771136017774245	0.0006477152756506667	0.0009472873876736444	0.00016050734080664403
T>A@G_T	0.002907551515274641	0.0007368304905255302	0.00010267028977905255	4.100974650216395e-05
T>A@T_A	0.00023701688369214953	0.00021445893179528907	5.788254317736429e-05	7.973786014392624e-06
T>A@T_C	7.79709830052983e-05	0.0001912815878462766	1.3620631679642809e-05	1.876351598124001e-06
T>A@T_G	3.1417179838359815e-05	4.558681197141631e-05	1.3441890402912446e-05	1.8517285491985239e-06
T>A@T_T	0.00018980406788883197	0.00016356617054063386	0.0	0.0
T>G@A_A	0.0004068570905179163	0.00012129770186981936	2.4873090622672054e-06	3.4264683487394426e-07
T>G@A_C	0.001746801363376764	0.0005766402550360662	7.227208761853781e-05	0.00016667616531353436
T>G@A_G	0.008585173551506996	0.0006815684081845401	0.0006452725622008379	0.00017568808762525725
T>G@A_T	5.798630893156586e-05	8.113865047909716e-05	0.0	0.0
T>G@C_A	5.400616680845663e-05	3.924751328880655e-05	2.0374905831648608e-06	2.8068072038082195e-07
T>G@C_C	0.0017601576518494087	0.0006221320918575136	6.241270501307282e-05	0.0001325865359668504
T>G@C_G	0.011725291733147583	0.0010014151591390276	0.001018045387770662	0.00018163712183217267
T>G@C_T	0.002605032989408723	0.000795289414747528	2.825568847109099e-06	3.8924484169162865e-07
T>G@G_A	0.0009189649891522913	0.0011652542817813848	0.00012186765744966142	0.00014717767948127614
T>G@G_C	0.008970946949278413	0.0008772255227376759	0.0011004264644666327	0.00019264532763249445
T>G@G_G	0.010612535277646131	0.0011413934561806856	0.0016942616320388619	0.0005670523826078519
T>G@G_T	0.0002516283381268904	5.809723877050625e-05	1.6195327864094167e-05	2.2310367121484456e-06
T>G@T_A	0.0018383668874790114	0.0003909120446989255	0.000586066018816677	8.073530926296077e-05
T>G@T_C	0.003406023453491322	0.0011777276106526339	9.092227539165487e-05	0.00019981234587576797
T>G@T_G	0.0125989197751998	0.0009679607437814414	0.0008995810305818881	0.00016816372549850796
T>G@T_T	0.002145475403568556	0.00027492218311430744	0.00011033230135045184	0.0001101803537939909
