	mean	std
C>A@A_A	0.01721634570087783	0.0016496054869112845
C>A@A_C	0.014651313321033694	0.0015509424740719523
C>A@A_G	7.694939650230028e-05	3.368360273476411e-05
C>A@A_T	0.010306760644679658	0.001591749110340941
C>A@C_A	0.004290046087762362	0.0009561087868685997
C>A@C_C	0.005355333115950502	0.0010720590937257416
C>A@C_G	0.0009729312408105693	0.00022993496807334883
C>A@C_T	0.00186991984957178	0.00018121859177101343
C>A@G_A	0.02480101801842912	0.0013955537280625834
C>A@G_C	0.0010541706118636933	0.0001978325000011767
C>A@G_G	0.00010512160104489567	7.144438873643238e-05
C>A@G_T	0.0002610245089019232	0.0001622269718710437
C>A@T_A	0.006029923466293642	0.0009703819275212118
C>A@T_C	0.0013410739548003463	0.0002762730922712027
C>A@T_G	0.0001098340482374016	7.150321895754422e-05
C>A@T_T	0.008099865876812128	0.0013499507637552723
C>G@A_A	0.0016422318869508319	0.00034647005321519883
C>G@A_C	0.00021208463920965577	0.00011723118558268243
C>G@A_G	0.00014226442482293978	4.1876609643281126e-05
C>G@A_T	0.0006192188801303216	0.00025775846897517176
C>G@C_A	0.0008689753210693377	0.0006719273073432951
C>G@C_C	0.0004800456208183277	0.0003933751493035722
C>G@C_G	0.0015231201439080333	0.0003328140249464473
C>G@C_T	0.0018891591393877783	0.0007551652181977926
C>G@G_A	0.0005563212944385512	8.130172789157022e-05
C>G@G_C	0.0009830330816077255	0.0009008388713706732
C>G@G_G	0.0011674448022044037	0.00013047397330958355
C>G@G_T	0.000312955010053533	0.00016792149689585874
C>G@T_A	0.00030430732952857004	0.00019932919391885918
C>G@T_C	0.0005063572199198405	0.00026350201796957655
C>G@T_G	0.0017709882484197143	0.0003278386098933829
C>G@T_T	0.0008041922372680695	0.00011750819521066152
C>T@A_A	0.02390588962728051	0.0010684126811420093
C>T@A_C	0.008862212608285807	0.0008611840236177234
C>T@A_G	0.14154982634666236	0.0035980099603771694
C>T@A_T	0.03257379092056043	0.0023359050172234064
C>T@C_A	0.03149508899279496	0.001173222681879855
C>T@C_C	0.028159127359746426	0.0021064035650622164
C>T@C_G	0.13378949864002687	0.0026418779031325427
C>T@C_T	0.020552459053165897	0.001602833111422696
C>T@G_A	0.02634968168771087	0.0012697725707133387
C>T@G_C	0.023457554319542752	0.001534424268575851
C>T@G_G	0.11405587750297626	0.0033995355846524514
C>T@G_T	0.013953100613388723	0.001027708988540446
C>T@T_A	0.03218080203443335	0.0017940381437313007
C>T@T_C	0.0294413620867537	0.001718348632818795
C>T@T_G	0.11195898188113464	0.002045936669804566
C>T@T_T	0.01652100999616525	0.0014368285154842666
T>A@A_A	0.0025303679753585495	0.0006004580033841687
T>A@A_C	0.0009534346681945457	0.00014949424950596896
T>A@A_G	0.0002560656814144951	0.000201674397512206
T>A@A_T	0.0005217108396025571	0.0008168913441443573
T>A@C_A	0.003319988699823326	0.0014031236659315125
T>A@C_C	0.00013466933251392684	7.369447610985933e-05
T>A@C_G	0.0028507443996254843	0.0005516160061641033
T>A@C_T	4.112874966098616e-05	3.0118714419102858e-05
T>A@G_A	0.01071536868666563	0.001442211522911743
T>A@G_C	0.00051960831865375	5.335733864672408e-05
T>A@G_G	0.007726296887334599	0.0006976590664626626
T>A@G_T	0.002921585135821882	0.0007471627725754092
T>A@T_A	0.0002503591688188755	0.00022558052946540662
T>A@T_C	8.103164187331819e-05	0.00019004162342516967
T>A@T_G	3.42902543613707e-05	4.622030832596924e-05
T>A@T_T	0.00019456804110103588	0.000166566639115797
T>G@A_A	0.00041208745433617773	0.0001253269959102023
T>G@A_C	0.0017622448932715943	0.0005576642294241983
T>G@A_G	0.008586442857143765	0.0006946670678850088
T>G@A_T	6.574480934164366e-05	8.58940354047364e-05
T>G@C_A	5.296064418943822e-05	3.878324848047815e-05
T>G@C_C	0.0017565273234109611	0.0006400489048784986
T>G@C_G	0.011754290065749224	0.0010409497505912146
T>G@C_T	0.0026264082111730376	0.0007920407199232277
T>G@G_A	0.0009159210971279163	0.0011554260131593555
T>G@G_C	0.008998865049303665	0.0008644744245908736
T>G@G_G	0.010610471158056576	0.0011699210946924633
T>G@G_T	0.0002524542548091798	5.891090919849668e-05
T>G@T_A	0.001854030986852948	0.0004569156860507868
T>G@T_C	0.0034061218037685246	0.001184337119453798
T>G@T_G	0.012612426881184198	0.0009709488262638264
T>G@T_T	0.0021511896355186923	0.00027688021445351866
