MutationType	1.Unrepaired_FFPE.2H	1.Repaired_FFPE.15H	1.Unrepaired_FFPE.15H	1.Unrepaired_FFPE.48H	1.Unrepaired_FFPE.24H	1.Repaired_FFPE.24H	1.Repaired_FFPE.48H	1.Repaired_FFPE.2H	2.Unrepaired_FFPE.2H	2.Repaired_FFPE.15H	2.Repaired_FFPE.2H	2.Repaired_FFPE.24H	2.Unrepaired_FFPE.15H	2.Repaired_FFPE.48H	2.Unrepaired_FFPE.24H	2.Unrepaired_FFPE.48H	3.Repaired_FFPE.2H	3.Repaired_FFPE.15H	3.Unrepaired_FFPE.15H	3.Repaired_FFPE.24H	3.Unrepaired_FFPE.24H	3.Repaired_FFPE.48H	3.Unrepaired_FFPE.48H	3.Unrepaired_FFPE.2H
C>A@A_A	1	0	0	0	0	0	0	0	1	2	1	0	0	0	0	0	0	2	3	1	1	1	1	2
C>A@A_C	0	0	0	0	0	0	0	0	0	0	0	0	0	0	0	0	2	3	3	2	2	2	2	2
C>A@A_G	0	0	0	0	0	0	0	0	0	0	0	0	0	0	0	0	0	0	0	0	0	0	0	0
C>A@A_T	1	0	0	0	0	0	0	0	0	0	0	0	0	0	0	0	0	0	0	0	0	0	0	0
C>A@C_A	0	0	0	1	0	0	0	0	2	0	0	2	0	1	0	0	0	0	0	1	1	0	0	1
C>A@C_C	0	0	0	0	0	0	0	0	0	2	0	1	0	0	1	1	0	0	0	0	0	0	0	0
C>A@C_G	0	0	0	0	0	0	0	0	0	0	0	0	0	0	0	0	0	0	0	0	0	0	0	0
C>A@C_T	0	0	0	0	0	0	0	0	1	0	0	0	0	0	0	1	0	0	0	0	0	0	0	0
C>A@G_A	0	4	2	0	3	1	1	0	1	0	1	1	1	1	0	0	2	3	1	2	1	3	1	2
C>A@G_C	0	0	0	0	0	0	0	0	0	0	0	0	0	0	0	0	0	0	1	0	0	1	0	0
C>A@G_G	0	0	0	0	0	0	0	0	0	0	0	0	0	0	0	0	0	0	0	0	0	0	0	0
C>A@G_T	0	0	0	0	0	0	0	0	0	0	0	0	0	0	0	0	0	0	0	0	0	0	0	0
C>A@T_A	0	0	0	0	0	0	0	0	0	0	0	0	0	0	0	0	0	2	0	1	1	1	0	0
C>A@T_C	0	0	0	0	0	0	0	0	0	0	0	0	0	0	0	0	0	0	0	0	1	0	0	0
C>A@T_G	0	0	0	0	0	0	0	0	0	0	0	0	0	0	0	0	0	0	0	0	0	0	0	0
C>A@T_T	0	0	0	0	0	0	0	0	0	0	0	0	0	0	0	0	0	0	0	0	0	0	0	0
C>G@A_A	0	0	0	0	0	0	0	0	0	0	0	0	0	0	0	0	1	0	0	0	0	0	0	0
C>G@A_C	0	0	0	0	0	0	0	0	0	0	0	0	0	0	0	0	0	0	0	0	0	0	0	0
C>G@A_G	0	0	0	0	0	0	0	0	0	0	0	0	0	0	0	0	0	0	0	0	0	0	0	0
C>G@A_T	0	0	0	0	0	0	0	0	0	0	0	0	0	0	0	0	0	0	0	0	0	0	0	0
C>G@C_A	0	0	0	0	0	0	0	0	0	0	0	0	0	0	0	0	0	0	0	0	0	0	0	0
C>G@C_C	0	0	0	0	0	0	0	0	0	0	0	0	0	0	0	0	0	0	0	0	0	0	0	0
C>G@C_G	0	0	0	0	0	0	0	0	0	0	0	0	0	0	0	0	1	0	0	0	1	1	1	0
C>G@C_T	0	0	0	0	1	0	0	0	0	0	0	0	0	0	0	0	0	0	0	0	0	0	0	0
C>G@G_A	0	0	0	0	0	0	0	0	0	0	0	0	0	0	0	0	0	0	0	0	0	0	0	0
C>G@G_C	0	0	0	0	0	0	0	0	0	0	0	0	0	0	0	0	0	0	1	0	0	0	0	0
C>G@G_G	0	0	1	0	0	0	0	1	0	0	0	0	0	0	0	1	0	0	0	0	0	0	0	0
C>G@G_T	0	0	0	0	0	0	0	0	0	0	0	0	0	0	0	0	0	0	0	0	0	0	0	0
C>G@T_A	0	0	0	0	0	0	0	0	0	0	0	0	0	0	0	0	0	0	0	0	0	0	0	0
C>G@T_C	0	0	0	0	0	0	0	0	0	0	0	0	0	0	0	0	0	0	0	0	0	0	0	0
C>G@T_G	0	0	0	0	0	0	0	0	0	1	1	1	1	1	1	1	0	0	0	0	0	0	0	0
C>G@T_T	0	0	0	0	0	0	1	0	0	0	0	0	0	0	0	0	0	0	0	0	0	0	0	0
C>T@A_A	4	3	15	48	17	0	1	1	6	0	0	0	13	2	9	40	1	3	26	0	26	0	49	11
C>T@A_C	3	0	10	45	15	0	1	0	2	0	0	1	14	1	19	21	2	1	31	1	28	2	51	10
C>T@A_G	11	16	12	30	16	23	30	17	5	18	11	12	12	24	9	17	13	26	24	26	25	26	21	10
C>T@A_T	5	1	6	32	11	2	5	0	2	0	1	1	6	5	9	29	1	0	15	1	13	0	40	9
C>T@C_A	7	2	27	82	29	3	3	4	1	1	0	0	22	3	20	46	1	5	36	2	57	3	63	18
C>T@C_C	5	1	9	66	24	3	6	0	3	3	0	1	19	6	10	43	4	4	29	2	31	5	46	17
C>T@C_G	9	23	17	27	16	29	43	15	9	22	26	20	20	33	22	30	24	34	29	41	33	35	34	15
C>T@C_T	4	0	12	60	18	1	6	2	2	0	0	0	4	0	14	27	0	1	19	1	25	2	40	12
C>T@G_A	8	1	19	46	8	2	4	1	1	0	1	0	8	1	15	28	3	3	18	3	23	4	33	15
C>T@G_C	13	2	18	50	19	4	2	2	5	3	2	2	15	9	8	26	2	4	31	2	36	2	49	11
C>T@G_G	14	21	16	15	17	19	32	19	5	13	15	18	9	18	13	24	17	30	19	22	26	25	26	15
C>T@G_T	6	1	6	28	14	0	2	1	3	0	0	2	14	0	10	24	0	2	12	1	17	3	38	7
C>T@T_A	3	1	11	56	14	1	2	1	1	1	1	1	27	1	12	38	0	2	22	3	20	2	45	12
C>T@T_C	4	0	15	75	22	1	2	0	4	2	4	0	10	1	15	44	1	2	28	1	22	1	47	16
C>T@T_G	13	18	13	32	21	20	27	14	7	11	9	16	14	24	12	18	21	22	20	21	24	30	20	13
C>T@T_T	2	0	6	45	13	1	3	1	1	0	0	0	13	1	11	25	0	0	26	1	26	0	50	17
T>A@A_A	0	0	0	0	0	0	0	0	0	0	0	0	0	0	0	0	0	0	0	0	0	0	0	0
T>A@A_C	1	1	0	0	1	0	0	1	0	0	0	0	0	0	0	0	0	0	0	0	0	0	0	0
T>A@A_G	0	0	0	0	0	0	0	0	0	0	0	0	0	0	0	0	0	0	0	0	0	0	0	0
T>A@A_T	0	0	0	0	0	0	0	0	0	0	0	1	0	0	0	0	0	0	0	0	0	0	0	0
T>A@C_A	0	0	0	0	0	0	0	0	1	0	1	3	0	1	0	1	0	0	0	0	0	0	0	0
T>A@C_C	0	0	0	0	0	0	0	0	0	0	0	0	0	0	0	0	0	0	0	0	0	0	0	0
T>A@C_G	0	0	0	0	0	0	0	0	1	1	0	0	0	1	0	1	0	0	0	0	0	0	0	0
T>A@C_T	0	0	0	0	0	0	0	0	0	0	0	0	0	0	0	0	0	0	0	0	0	0	0	0
T>A@G_A	1	1	2	1	0	2	2	2	2	0	2	2	1	1	1	2	0	0	0	0	0	0	0	0
T>A@G_C	0	0	0	0	0	0	1	0	0	0	0	0	0	0	0	0	0	0	0	0	0	0	0	0
T>A@G_G	0	0	1	1	0	0	0	0	1	0	1	0	1	1	0	2	2	2	0	1	0	0	1	0
T>A@G_T	0	1	0	0	0	0	1	0	1	0	1	1	0	0	0	0	0	0	0	0	0	0	1	0
T>A@T_A	0	0	0	0	0	0	0	0	0	0	0	0	0	0	0	0	0	0	0	0	0	0	0	0
T>A@T_C	0	0	0	0	0	0	0	0	0	0	0	0	0	0	0	0	0	0	0	0	0	0	0	0
T>A@T_G	0	0	0	0	0	0	0	0	0	0	0	0	0	0	0	0	0	0	0	0	0	0	0	0
T>A@T_T	0	0	0	0	0	0	0	0	0	0	0	0	0	0	0	0	0	0	0	0	0	0	0	0
T>C@A_A	6	7	2	5	6	5	9	5	6	6	6	10	6	6	2	7	6	16	1	7	7	8	8	5
T>C@A_C	27	23	17	19	21	28	29	27	25	28	30	35	32	32	26	25	26	25	25	34	25	25	33	27
T>C@A_G	43	42	31	27	36	45	39	35	39	48	36	51	34	43	29	39	42	44	32	47	41	43	29	38
T>C@A_T	19	23	25	12	22	23	24	24	29	30	34	40	33	36	31	27	25	28	23	31	22	22	25	24
T>C@C_A	18	21	9	13	10	18	17	14	10	16	13	11	18	9	9	11	13	16	18	29	10	12	14	14
T>C@C_C	15	19	14	17	20	14	21	17	18	22	15	21	23	21	22	21	15	19	15	18	16	23	18	16
T>C@C_G	48	43	31	36	30	38	40	42	51	59	57	52	51	50	42	52	36	46	36	52	44	48	45	43
T>C@C_T	18	25	11	17	20	24	23	21	29	29	34	33	29	29	26	31	21	20	20	24	16	23	22	19
T>C@G_A	18	17	14	10	14	20	24	19	17	17	16	19	19	21	9	14	12	13	10	19	16	16	15	19
T>C@G_C	6	6	6	11	6	9	8	5	18	15	17	15	16	16	15	17	10	10	13	12	12	16	10	8
T>C@G_G	17	21	11	15	10	11	17	16	26	23	25	19	25	27	22	20	7	11	11	12	18	12	15	10
T>C@G_T	7	12	14	13	9	14	12	11	16	20	17	19	20	25	14	17	5	12	11	9	14	12	15	13
T>C@T_A	2	2	4	4	3	2	4	3	4	4	6	3	2	2	0	2	3	2	4	3	2	5	2	4
T>C@T_C	21	26	24	19	20	21	19	21	34	34	36	38	30	46	37	37	30	35	29	34	33	33	31	27
T>C@T_G	30	39	32	21	27	31	44	37	40	40	35	46	35	52	28	31	41	39	33	48	29	40	37	43
T>C@T_T	32	29	32	21	24	32	30	29	43	34	45	50	34	56	36	42	32	40	35	41	31	34	33	34
T>G@A_A	0	0	0	0	0	0	0	0	0	0	0	0	0	0	0	0	0	0	0	0	0	0	0	0
T>G@A_C	0	0	0	0	0	0	0	0	0	0	1	0	1	0	0	0	0	0	0	0	0	0	0	0
T>G@A_G	0	0	0	0	0	0	0	1	1	1	1	1	0	1	0	0	0	1	1	2	0	0	0	1
T>G@A_T	0	0	0	0	0	0	0	0	0	0	0	0	0	0	0	0	0	0	0	0	0	0	0	0
T>G@C_A	0	0	0	0	0	0	0	0	0	0	0	0	0	0	0	0	0	0	0	0	0	0	0	0
T>G@C_C	0	0	0	0	0	0	0	0	1	1	1	0	0	0	1	0	0	0	0	0	0	0	0	0
T>G@C_G	0	1	0	1	1	1	0	2	0	0	0	0	1	0	1	0	0	2	2	1	1	1	1	0
T>G@C_T	0	0	0	0	0	0	0	0	0	1	1	1	1	0	0	0	0	0	0	0	0	0	0	0
T>G@G_A	0	0	0	0	0	0	0	0	0	0	0	0	0	0	0	0	2	0	0	0	0	0	0	2
T>G@G_C	0	1	0	0	0	0	2	1	0	0	3	1	0	0	0	0	2	1	1	2	2	2	1	2
T>G@G_G	1	0	1	1	0	2	0	0	3	1	1	1	3	3	2	1	2	2	0	0	1	3	0	1
T>G@G_T	0	0	0	0	0	0	0	0	0	0	0	0	0	0	0	0	0	0	0	0	0	0	0	0
T>G@T_A	0	0	0	1	1	0	1	1	0	0	0	0	0	0	0	0	0	0	0	0	0	0	0	0
T>G@T_C	0	0	0	0	0	0	0	0	2	0	2	0	0	0	1	0	0	0	0	0	0	1	0	0
T>G@T_G	1	1	1	0	1	2	1	1	0	0	0	1	1	0	0	0	0	0	0	0	0	0	0	0
T>G@T_T	0	0	0	0	0	0	0	0	0	0	0	0	0	0	1	0	0	1	0	0	0	0	0	0
