MutationType	Bladder-TCC::SP1086	Bladder-TCC::SP1003	Bladder-TCC::SP1677	Bladder-TCC::SP1305	Bladder-TCC::SP963	Bladder-TCC::SP1144	Bladder-TCC::SP1132	Bladder-TCC::SP1712	Bladder-TCC::SP1114	Bladder-TCC::SP1431	Bladder-TCC::SP975	Bladder-TCC::SP1059	Bladder-TCC::SP1419	Bladder-TCC::SP1009	Bladder-TCC::SP1724	Bladder-TCC::SP96136	Bladder-TCC::SP967	Bladder-TCC::SP1781	Bladder-TCC::SP1174	Bladder-TCC::SP953	Bladder-TCC::SP1377	Bladder-TCC::SP1365	Bladder-TCC::SP1491	CNS-GBM::SP24708	CNS-GBM::SP24301	CNS-GBM::SP27201	CNS-GBM::SP28791	CNS-GBM::SP23739	CNS-GBM::SP24702	CNS-GBM::SP25332	CNS-GBM::SP28335	CNS-GBM::SP26709	CNS-GBM::SP25350	CNS-GBM::SP25380	CNS-GBM::SP24565	CNS-GBM::SP25833	CNS-GBM::SP25905	CNS-GBM::SP26439	CNS-GBM::SP24236	CNS-GBM::SP23925	CNS-GBM::SP24815	CNS-GBM::SP27957	CNS-GBM::SP27603	CNS-GBM::SP27825	CNS-GBM::SP24135	CNS-GBM::SP26499	CNS-GBM::SP25518	CNS-GBM::SP28659	CNS-GBM::SP23622	CNS-GBM::SP27939	CNS-GBM::SP23754	CNS-GBM::SP29697	CNS-GBM::SP27339	CNS-GBM::SP29559	CNS-GBM::SP29331	CNS-GBM::SP26475	CNS-GBM::SP23775	CNS-GBM::SP28275	CNS-GBM::SP28581	CNS-GBM::SP23639	CNS-GBM::SP24391	CNS-GBM::SP28041	CNS-GBM::SP25494	CNS-GBM::SP26649	Lung-SCC::SP56638	Lung-SCC::SP56537	Lung-SCC::SP57586	Lung-SCC::SP56541	Lung-SCC::SP56553	Lung-SCC::SP56771	Lung-SCC::SP57941	Lung-SCC::SP57818	Lung-SCC::SP56460	Lung-SCC::SP56474	Lung-SCC::SP56704	Lung-SCC::SP56533	Lung-SCC::SP56730	Lung-SCC::SP59245	Lung-SCC::SP57024	Lung-SCC::SP57933	Lung-SCC::SP56754	Lung-SCC::SP56827	Lung-SCC::SP57084	Lung-SCC::SP57538	Lung-SCC::SP57735	Lung-SCC::SP57669	Lung-SCC::SP56566	Lung-SCC::SP56569	Lung-SCC::SP58342	Lung-SCC::SP58349	Lung-SCC::SP56644	Lung-SCC::SP57629	Lung-SCC::SP56941	Lung-SCC::SP57619	Lung-SCC::SP58245	Lung-SCC::SP57251	Lung-SCC::SP56502	Lung-SCC::SP58668	Lung-SCC::SP58101	Lung-SCC::SP58991	Lung-SCC::SP56607	Lung-SCC::SP58326	Lung-SCC::SP57267	Lung-SCC::SP57066	Lung-SCC::SP57901	Lung-SCC::SP57651	Lung-SCC::SP57450	Lung-SCC::SP57846	Lung-SCC::SP58612	Lung-SCC::SP56821	Lung-SCC::SP58882	Lung-SCC::SP57189	Skin-Melanoma::SP124389	Skin-Melanoma::SP124362	Skin-Melanoma::SP124394	Skin-Melanoma::SP124334	Skin-Melanoma::SP124339	Skin-Melanoma::SP124454	Skin-Melanoma::SP124380	Skin-Melanoma::SP124273	Skin-Melanoma::SP124357	Skin-Melanoma::SP124399	Skin-Melanoma::SP124311	Skin-Melanoma::SP124355	Skin-Melanoma::SP124434	Skin-Melanoma::SP124428	Skin-Melanoma::SP124449	Skin-Melanoma::SP124298	Skin-Melanoma::SP124431	Skin-Melanoma::SP124396	Skin-Melanoma::SP124409	Skin-Melanoma::SP124341	Skin-Melanoma::SP124353	Skin-Melanoma::SP124278	Skin-Melanoma::SP124376	Skin-Melanoma::SP124346	Skin-Melanoma::SP124439	Skin-Melanoma::SP124351	Skin-Melanoma::SP124406	Skin-Melanoma::SP124323	Skin-Melanoma::SP124391	Skin-Melanoma::SP124423	Skin-Melanoma::SP124382	Skin-Melanoma::SP124415	Skin-Melanoma::SP124436	Skin-Melanoma::SP124460	Skin-Melanoma::SP124425	Skin-Melanoma::SP124456	Skin-Melanoma::SP124367	Skin-Melanoma::SP124281	Skin-Melanoma::SP124377	Skin-Melanoma::SP124412	Skin-Melanoma::SP124333	Skin-Melanoma::SP124359	Skin-Melanoma::SP124286	Skin-Melanoma::SP124329	Skin-Melanoma::SP124326	Skin-Melanoma::SP124458	Skin-Melanoma::SP124401	Skin-Melanoma::SP124264	Skin-Melanoma::SP124384	Skin-Melanoma::SP124403	Skin-Melanoma::SP124462	Skin-Melanoma::SP124271	Skin-Melanoma::SP124336	Skin-Melanoma::SP124452	Skin-Melanoma::SP124386	Skin-Melanoma::SP124441	Skin-Melanoma::SP124418	Skin-Melanoma::SP124291	Skin-Melanoma::SP124319	Skin-Melanoma::SP124305	Skin-Melanoma::SP124447	Skin-Melanoma::SP124344	Skin-Melanoma::SP124369	Skin-Melanoma::SP124348	Skin-Melanoma::SP124295	Skin-Melanoma::SP124444	Skin-Melanoma::SP124365	Skin-Melanoma::SP124420	Skin-Melanoma::SP124364	Skin-Melanoma::SP124307	Skin-Melanoma::SP82445	Skin-Melanoma::SP83242	Skin-Melanoma::SP103894	Skin-Melanoma::SP83382	Skin-Melanoma::SP82451	Skin-Melanoma::SP104330	Skin-Melanoma::SP83312	Skin-Melanoma::SP82614	Skin-Melanoma::SP82431	Skin-Melanoma::SP82459	Skin-Melanoma::SP113197	Skin-Melanoma::SP82532	Skin-Melanoma::SP82636	Skin-Melanoma::SP82796	Skin-Melanoma::SP83482	Skin-Melanoma::SP104530	Skin-Melanoma::SP82429	Skin-Melanoma::SP82644	Skin-Melanoma::SP82988	Skin-Melanoma::SP82461	Skin-Melanoma::SP82900	Skin-Melanoma::SP82399	Skin-Melanoma::SP82756	Skin-Melanoma::SP82836	Skin-Melanoma::SP82417	Skin-Melanoma::SP82471	Skin-Melanoma::SP82435	Skin-Melanoma::SP104056	Skin-Melanoma::SP83083	Skin-Melanoma::SP82433	Skin-Melanoma::SP82780	Skin-Melanoma::SP83019	Skin-Melanoma::SP83099	Skin-Melanoma::SP83146	Skin-Melanoma::SP103866	Skin-Melanoma::SP83844	Skin-Melanoma::SP83027
C>A@ACA	173	196	135	529	94	121	468	36	119	59	217	869	137	190	82	234	45	121	158	243	36	139	104	121	98	74	65	98	141	37	125	94	84	110	80	113	70	82	186	80	182	127	122	133	78	33	129	74	59	31	43	49	84	98	120	113	115	43	47	86	100	145	58	41	1369	1667	1147	1598	2035	289	3493	2372	815	282	1847	689	1176	1512	767	1889	1047	1732	1284	1067	1406	1774	382	1120	2093	1565	1598	930	50	2247	2075	1623	1456	1937	1189	799	687	2738	1924	1882	880	473	415	1132	839	1023	506	4515	72	177	83	193	15	94	206	106	85	182	180	23	114	285	142	600	187	104	210	148	62	69	37	302	234	24	131	68	106	63	871	816	776	156	151	84	192	10	58	131	104	64	7	64	84	216	653	253	3	24	145	299	146	101	81	206	188	71	179	101	446	64	154	84	130	19	142	90	194	144	739	282	150	78	153	12	82	72	452	121	46	467	55	88	114	327	93	192	79	103	296	150	37	51	149	114	27	477	96	73	13	88	23	256	96	66	36
C>A@ACC	65	85	60	365	47	36	408	33	122	55	113	472	107	102	36	180	13	58	64	125	0	112	60	99	83	61	44	48	102	0	81	50	38	40	39	131	107	34	172	89	166	102	88	59	38	23	96	61	64	58	28	5	32	71	103	84	120	48	23	53	54	165	90	1	748	767	579	772	1190	133	1884	1251	371	145	1042	284	529	785	355	1014	504	899	660	492	631	968	188	544	1104	828	802	369	48	1126	1004	852	705	1040	580	351	329	1426	946	1051	498	206	204	673	434	530	233	2289	28	62	48	87	5	35	79	98	49	95	74	38	65	162	91	167	90	50	132	62	0	48	7	99	123	25	48	31	67	0	320	382	354	75	56	16	125	32	34	47	59	36	24	28	87	85	327	211	0	8	59	174	81	0	50	104	85	38	61	72	204	31	66	29	73	38	99	36	168	90	318	80	121	19	98	0	0	30	201	53	33	134	51	53	52	238	75	91	40	69	150	57	19	31	133	54	26	259	41	52	51	54	26	156	54	27	45
C>A@ACG	36	38	48	95	43	24	51	7	42	8	38	146	18	14	14	52	9	17	19	69	10	15	24	14	22	18	7	10	21	3	19	9	14	18	14	16	14	6	37	10	27	15	21	12	15	3	16	16	7	7	2	3	4	5	16	14	18	7	8	7	17	22	25	7	348	370	258	343	472	71	750	513	118	48	458	192	215	362	172	396	193	431	314	256	269	404	79	253	540	298	376	192	10	385	429	345	347	407	262	175	156	606	484	462	185	118	85	341	215	231	102	1004	6	23	10	26	3	8	15	7	7	18	17	4	12	35	12	51	17	9	20	17	5	6	11	18	22	1	17	5	11	4	78	46	65	15	20	6	25	5	3	12	14	4	4	7	17	20	68	27	21	5	25	30	12	6	13	21	17	8	12	11	43	9	15	4	14	1	29	10	25	23	55	22	19	8	19	0	10	5	45	15	6	27	11	6	10	41	18	26	12	5	24	28	6	4	13	13	6	68	12	13	10	12	5	35	16	8	6
C>A@ACT	117	112	91	336	30	33	259	24	82	30	149	586	104	110	33	129	12	36	86	155	21	87	81	97	89	96	46	63	123	0	119	61	80	114	62	126	98	82	231	92	201	139	101	100	73	27	156	95	65	40	30	38	50	90	92	93	111	37	33	65	90	174	142	47	846	1059	682	984	1230	173	2329	1525	434	162	1055	440	618	1008	441	1247	691	1250	841	589	940	1153	274	652	1344	988	1036	519	23	1534	1359	1046	887	1163	742	503	390	1673	1198	1193	594	271	231	729	435	627	320	2770	46	89	32	101	0	62	126	52	57	113	130	42	111	225	76	247	79	62	175	99	20	49	15	125	197	14	86	26	53	36	410	466	375	129	99	42	162	28	36	79	51	57	6	38	49	168	445	189	119	19	111	198	97	60	100	155	130	36	112	59	411	41	104	55	97	43	133	41	126	111	437	122	126	52	70	4	88	58	288	77	49	148	71	66	85	261	54	126	35	79	206	73	12	34	134	24	17	355	75	58	45	56	47	216	69	42	44
C>A@CCA	186	193	162	454	115	123	317	46	213	42	195	963	143	134	84	255	20	143	183	329	79	112	133	78	97	70	25	57	89	19	115	31	73	99	64	93	106	44	173	82	179	82	94	98	85	35	168	93	68	44	29	54	48	72	93	104	117	57	69	58	81	132	194	54	1544	1651	1391	1700	2817	282	4004	2774	788	204	2340	687	1355	1742	753	2025	1033	2034	1444	1207	1554	2003	449	1282	2569	1518	1820	1010	46	2469	2236	1513	1614	2391	1355	950	664	3211	2110	2544	992	492	478	1545	936	1293	480	5348	195	433	180	314	80	442	312	135	108	289	423	75	446	434	441	557	680	813	368	262	145	242	149	481	502	120	1097	862	312	167	1076	1984	1564	430	267	82	289	784	236	1896	137	175	101	103	652	570	987	364	577	50	249	303	547	206	204	422	966	63	209	215	745	73	243	185	1093	219	341	125	418	404	1051	2474	314	124	776	23	301	222	587	179	105	592	276	115	240	630	981	358	154	289	540	497	175	179	344	171	199	643	155	170	192	306	395	389	202	193	124
C>A@CCC	122	148	111	357	65	111	286	11	167	36	124	745	107	83	76	232	32	109	64	184	46	66	54	66	73	47	37	58	91	9	117	34	79	85	38	119	112	20	150	65	151	126	95	85	97	49	135	98	62	23	9	33	49	58	71	103	85	69	65	65	63	135	154	47	1262	1201	1027	1424	2300	205	3407	2413	475	167	1916	491	948	1498	569	1633	730	1591	1061	887	1189	1696	297	870	2011	1275	1327	426	9	1938	1550	1138	1242	1923	1010	610	468	2449	1509	2036	599	369	293	1344	691	977	317	4307	35	109	61	93	21	96	134	80	63	111	120	42	142	230	124	243	175	177	159	144	44	44	47	100	239	29	210	107	87	41	449	751	529	93	122	38	136	90	64	308	55	75	18	44	127	182	468	200	529	26	107	186	98	78	84	134	178	54	111	83	404	34	90	44	224	49	113	39	141	112	836	379	135	32	189	10	80	61	378	59	44	208	81	53	86	259	146	141	69	88	234	127	46	74	114	72	22	270	75	61	37	81	78	213	77	77	40
C>A@CCG	41	49	59	88	38	44	58	1	54	6	30	182	9	25	20	44	0	30	23	69	10	20	28	9	13	1	1	7	11	0	3	4	2	6	3	8	9	4	18	5	20	10	11	5	6	3	10	8	7	6	6	2	6	14	7	7	32	4	8	9	8	17	15	9	363	393	298	363	640	65	868	634	137	36	543	166	312	362	176	380	212	408	271	263	326	396	130	248	613	288	392	207	5	524	451	340	336	545	289	200	156	684	430	603	169	120	92	360	237	291	113	1150	20	52	21	23	5	66	34	21	22	33	56	14	45	79	61	86	94	91	47	47	18	34	23	41	78	9	157	113	44	30	190	277	188	53	37	9	41	115	35	198	26	23	16	18	86	79	161	40	141	1	52	32	68	31	31	58	88	2	37	28	130	10	30	30	125	36	53	19	41	57	258	340	67	30	81	0	53	34	98	25	11	71	49	24	39	82	122	42	28	44	75	77	34	19	51	17	21	110	31	25	20	45	47	66	28	26	12
C>A@CCT	130	139	118	303	88	112	287	37	156	36	169	813	145	124	62	205	46	88	133	259	38	89	87	95	89	89	32	63	122	20	118	50	83	99	74	128	90	58	236	67	174	122	104	99	88	35	151	102	53	47	29	42	49	72	86	97	119	55	62	89	96	163	239	37	1162	1198	1005	1328	2178	214	3448	2407	547	197	1671	476	937	1341	622	1582	761	1627	1007	833	1175	1683	340	898	1982	1158	1267	663	20	2088	1685	1190	1171	1834	1003	642	497	2496	1559	1961	718	419	338	1253	618	905	321	4026	130	258	96	169	40	252	270	105	93	189	307	60	262	387	265	430	441	391	228	253	83	170	81	252	838	46	516	354	187	67	867	2076	812	284	197	58	331	321	185	870	75	156	50	91	311	322	877	265	1544	26	197	259	237	151	149	219	477	77	234	93	1062	46	122	115	574	110	210	83	255	243	2983	1205	285	129	351	12	195	131	994	127	83	455	172	137	220	422	422	213	101	167	534	275	95	103	177	98	92	488	153	112	86	207	208	510	159	106	74
C>A@GCA	93	113	90	269	65	81	323	27	94	57	71	462	76	82	0	119	63	45	257	220	32	44	11	3	0	0	2	0	45	36	54	24	3	0	19	48	0	38	54	56	1	3	0	13	0	0	1	0	0	0	40	0	0	19	37	40	24	0	0	4	22	38	0	6	983	1156	759	905	1383	198	2257	1529	720	142	1302	446	792	959	508	1184	618	1159	886	690	963	1120	345	784	1342	900	1147	998	61	1434	1331	1000	987	1258	772	696	471	1749	1219	1437	629	289	311	809	534	698	333	2938	37	1	0	60	0	0	61	42	8	55	72	18	62	85	72	217	107	57	37	114	28	52	15	126	79	41	33	63	70	32	320	336	423	1	38	0	96	57	14	82	0	21	11	11	83	98	168	163	0	10	45	97	115	0	0	300	84	40	4	17	146	22	0	75	122	14	61	0	155	2	267	114	79	0	102	0	41	21	146	91	5	189	45	0	3	188	86	3	0	1	73	39	42	0	9	31	0	75	55	38	38	66	1	87	2	39	0
C>A@GCC	69	94	71	312	57	69	322	38	90	34	100	357	77	102	41	173	27	79	100	142	29	55	35	51	52	46	21	46	62	7	62	23	40	45	24	59	42	26	87	52	78	45	53	46	65	23	85	35	29	36	10	21	37	40	40	65	45	29	41	30	32	77	132	14	689	811	545	831	1118	121	1925	1195	370	118	1045	330	606	853	336	930	449	927	625	521	658	1009	204	557	1091	782	764	447	19	1116	870	757	741	1059	551	432	297	1290	944	1076	487	184	170	745	484	561	265	2248	15	40	29	55	14	54	43	48	33	40	36	33	44	62	48	80	33	37	60	91	15	29	19	71	59	9	39	11	57	13	128	170	260	44	46	16	57	33	25	48	26	46	12	9	59	59	169	123	84	10	35	111	63	36	30	93	35	26	36	42	101	24	41	27	80	20	66	18	85	45	139	45	47	20	57	10	22	21	84	37	20	80	40	31	46	155	39	57	31	37	73	33	17	38	26	62	15	97	33	17	12	27	14	55	25	16	33
C>A@GCG	38	29	50	76	24	36	74	9	46	11	30	99	14	24	22	32	5	14	21	53	10	19	11	9	7	5	3	6	6	1	11	8	2	7	4	10	9	5	8	3	9	4	10	3	10	7	7	6	2	5	3	3	0	5	4	10	14	5	5	2	4	6	8	1	284	343	234	330	434	79	614	465	133	27	438	159	229	292	146	353	160	357	293	230	252	346	78	195	401	249	329	194	14	398	320	303	290	409	226	202	140	581	336	554	176	79	80	353	203	234	104	899	4	12	4	14	0	10	9	6	8	10	8	5	6	18	6	22	7	2	10	21	7	7	1	12	5	4	5	8	6	0	26	16	60	7	6	1	10	6	4	11	9	10	1	5	10	8	29	21	22	1	3	24	12	8	5	24	3	5	7	8	20	6	6	7	9	14	21	7	15	7	24	10	7	6	14	1	8	2	17	5	6	25	8	3	5	28	8	6	9	6	12	8	0	9	8	6	1	38	6	7	5	9	4	12	5	2	5
C>A@GCT	101	93	84	237	95	90	387	33	78	42	110	379	111	106	41	133	31	65	149	200	31	70	56	64	41	42	33	44	64	12	80	37	63	65	27	66	74	29	103	59	114	64	60	56	54	27	78	64	37	28	18	31	38	41	65	54	60	29	33	39	45	87	124	32	621	816	516	691	979	166	1542	1096	480	160	813	307	459	664	347	872	444	831	556	544	654	845	218	545	883	652	728	626	18	1101	926	664	623	858	560	472	289	1147	833	886	458	216	243	563	406	482	239	1983	16	43	17	73	17	34	37	57	65	56	39	15	43	70	56	104	58	76	53	142	23	31	43	84	62	21	56	56	52	8	129	189	233	38	51	25	60	43	29	66	32	50	26	18	54	57	170	178	189	10	29	127	96	35	38	200	58	52	25	34	137	33	40	57	109	16	81	16	134	47	144	63	58	36	101	2	28	24	108	34	38	88	40	36	30	189	55	57	31	32	78	44	22	21	33	39	22	76	39	40	19	31	20	76	24	23	33
C>A@TCA	312	640	684	539	948	443	343	224	206	217	283	1639	191	368	359	1020	35	1020	257	821	277	214	201	69	56	49	47	43	72	31	74	51	65	84	58	103	67	47	130	78	84	81	83	62	87	26	80	73	59	55	11	35	24	59	52	59	83	58	51	47	46	84	128	53	1304	1396	981	1460	4192	301	2799	1926	851	399	1486	611	983	1628	691	1800	903	1537	1233	938	1345	1545	671	1021	1936	1099	1409	875	149	1847	1580	1463	1393	1967	1026	804	601	2322	1634	1958	804	376	562	1622	677	952	470	3989	68	234	138	237	26	133	226	146	109	328	323	65	134	390	185	619	255	143	304	192	44	69	116	220	485	53	156	98	98	66	1221	864	1073	243	238	102	280	74	175	224	131	98	28	107	148	352	868	218	309	17	238	215	214	178	184	308	249	106	270	133	1031	83	208	101	217	52	192	124	335	206	1025	263	379	112	215	2	159	125	672	145	36	435	94	86	134	410	174	329	102	156	347	224	45	69	263	81	33	701	187	89	123	146	68	462	146	126	46
C>A@TCC	194	327	329	498	411	224	299	115	171	102	206	1041	155	281	164	511	37	462	185	411	136	135	140	61	68	55	13	62	81	21	85	50	61	83	37	61	70	29	127	61	118	76	81	63	77	32	96	89	50	37	34	40	33	53	74	83	101	51	53	67	74	82	268	41	1138	1171	887	1296	2976	277	2725	1920	603	291	1507	470	962	1302	549	1526	770	1455	997	851	1090	1451	397	863	1813	1083	1280	647	73	1726	1354	1154	1183	1658	840	641	528	2154	1411	1809	654	364	385	1304	682	842	403	3816	104	330	182	211	19	120	290	103	62	364	332	56	204	466	212	635	275	155	422	123	55	49	135	136	627	47	191	61	70	57	1113	1547	1204	306	229	91	343	47	195	235	148	64	21	123	129	406	1130	194	410	28	279	169	148	204	188	202	265	65	317	141	1224	37	309	57	118	49	241	124	324	230	1934	214	431	148	228	12	169	133	959	168	33	421	49	107	129	336	156	432	118	205	514	261	67	89	366	98	39	939	213	78	86	213	104	544	200	169	56
C>A@TCG	44	106	86	69	77	44	47	20	35	22	31	207	32	57	45	85	9	75	45	82	21	28	24	8	13	9	2	8	10	3	10	7	9	11	6	10	9	9	11	8	9	5	20	16	9	6	8	10	5	8	5	9	14	1	10	4	11	3	6	10	5	10	13	5	199	231	180	209	551	71	450	317	129	51	289	125	172	245	135	293	160	253	205	160	204	259	94	184	338	193	258	170	9	266	254	221	226	284	158	144	119	395	291	375	164	65	57	293	162	165	84	682	7	18	11	17	1	15	18	9	14	28	22	4	17	46	12	56	27	18	18	28	8	2	15	19	22	6	16	17	10	2	94	66	91	22	17	3	27	7	14	36	12	13	1	6	14	29	72	20	37	1	34	20	23	24	19	19	18	5	25	11	96	8	18	16	24	3	35	10	19	18	103	24	33	14	31	5	12	13	79	8	7	30	9	16	16	40	27	38	16	22	32	24	8	6	27	15	5	72	15	5	6	13	12	54	12	10	9
C>A@TCT	310	528	424	537	570	289	387	172	171	176	289	1249	247	317	226	670	91	623	328	665	196	198	174	82	97	113	34	36	96	33	69	68	51	71	34	93	89	62	179	97	160	99	58	85	83	33	118	76	54	44	40	78	58	90	89	90	133	60	68	56	83	138	161	36	1379	1474	1142	1423	3317	352	3054	2205	1016	422	1532	625	1087	1507	715	1794	936	1560	1271	962	1251	1621	583	1007	2060	1269	1646	1236	75	1993	1820	1415	1441	1873	1004	903	656	2448	1632	2106	945	443	604	1370	736	944	540	4082	116	272	147	247	33	154	256	183	174	322	264	56	248	488	187	518	341	204	297	315	99	140	126	251	782	86	224	153	150	62	1037	1997	1018	338	199	83	313	139	176	278	134	147	52	135	194	330	975	347	641	18	240	268	308	174	159	437	260	117	275	146	1232	94	197	148	369	87	236	101	418	253	2071	282	396	120	283	11	165	120	1119	142	91	413	112	144	201	494	251	344	140	190	477	255	65	111	236	147	87	787	209	56	147	172	93	638	222	120	81
C>G@ACA	78	91	96	310	108	69	126	31	53	24	198	430	99	99	48	212	23	139	80	168	39	58	71	55	52	46	33	52	61	11	55	30	54	65	52	54	51	54	93	90	90	59	68	77	67	21	92	73	45	37	13	25	34	60	60	46	91	44	51	59	46	78	112	31	380	506	408	455	1006	99	818	466	248	155	652	221	347	566	244	704	325	559	433	437	451	530	117	405	710	599	597	292	29	690	805	537	470	608	484	282	201	951	597	588	313	175	198	370	292	333	201	1499	29	62	65	84	11	63	98	109	69	84	98	41	56	129	80	173	60	75	105	273	32	68	50	152	69	19	79	37	124	8	395	245	778	95	132	60	110	30	53	88	43	74	13	32	75	116	289	153	186	17	59	236	76	63	84	98	52	47	69	30	229	79	64	44	132	18	75	49	136	64	224	59	151	57	91	7	47	50	208	63	55	181	38	66	47	257	61	119	44	86	115	80	16	38	69	187	37	240	58	43	34	62	19	140	66	55	38
C>G@ACC	36	38	43	181	42	33	107	26	33	15	98	190	61	43	22	132	8	47	47	63	16	44	26	22	28	19	16	21	36	4	36	15	20	48	16	26	34	26	51	64	39	29	39	52	48	16	29	43	24	16	17	18	24	31	39	31	57	30	29	34	28	39	77	6	183	204	192	198	447	63	350	216	169	96	290	102	164	239	111	267	134	266	188	212	213	256	78	185	348	260	255	179	3	267	315	257	227	307	227	151	103	386	270	236	171	110	93	217	132	135	120	567	25	48	30	38	12	43	45	61	41	48	70	28	45	71	53	123	35	44	83	173	20	37	40	69	66	15	55	38	77	9	230	195	470	63	60	41	55	22	49	47	27	48	5	30	70	76	199	136	91	10	42	139	75	42	54	50	31	39	33	39	171	54	48	29	76	17	58	34	77	45	143	39	115	22	63	7	42	36	157	53	63	119	43	29	43	189	36	67	38	57	89	58	16	31	53	76	20	154	33	36	24	45	17	93	51	35	34
C>G@ACG	22	19	10	56	18	18	25	4	13	0	92	74	18	9	5	43	5	12	21	33	5	13	15	12	5	8	6	8	8	0	11	4	4	10	4	11	8	5	13	11	11	5	11	11	3	3	12	18	4	5	9	3	2	6	12	5	7	5	1	14	8	8	20	3	75	77	100	110	195	29	148	82	67	41	138	43	69	119	46	196	62	149	97	74	106	182	29	94	105	267	108	68	2	125	158	89	101	135	82	62	30	183	125	124	79	49	55	77	48	68	38	240	15	27	33	24	3	12	30	8	14	26	49	5	18	53	30	92	28	15	39	26	4	13	14	21	40	0	24	6	21	8	135	70	96	35	39	15	50	4	19	23	20	11	1	13	12	35	124	32	38	5	33	27	8	50	32	14	40	13	17	19	83	23	22	6	15	13	30	15	37	18	65	18	44	12	42	1	13	15	72	28	13	70	12	8	17	56	18	57	23	25	34	28	6	15	56	22	4	114	33	11	11	18	10	44	21	26	8
C>G@ACT	102	87	89	257	108	68	106	32	61	42	176	427	99	85	40	225	19	138	78	165	52	87	71	44	67	52	28	46	55	5	50	36	57	65	39	51	42	57	98	149	90	69	69	100	72	22	94	72	37	45	22	34	26	57	65	49	98	50	54	69	43	94	147	29	311	330	283	345	829	97	576	327	216	139	448	183	293	433	157	522	235	355	345	328	384	424	142	333	550	434	365	275	22	479	583	376	356	493	408	236	176	605	470	387	255	142	150	292	195	191	247	981	44	91	57	97	20	67	131	67	70	102	168	31	81	137	107	230	53	71	152	264	22	32	50	92	154	17	105	47	82	18	435	611	633	103	122	86	128	18	67	81	39	68	6	46	110	129	496	189	183	29	77	156	82	59	85	99	99	67	83	51	380	124	90	47	120	31	110	53	119	76	343	80	205	51	106	4	66	60	359	81	73	217	65	74	67	235	51	141	90	107	176	107	21	54	93	84	30	261	64	58	42	78	32	160	85	82	43
C>G@CCA	66	81	105	292	110	56	139	30	35	21	189	350	68	55	46	236	7	173	63	123	19	57	58	24	26	13	13	20	27	4	30	13	27	29	17	42	26	30	46	43	34	22	31	36	32	11	30	35	13	21	10	3	18	18	32	26	55	18	23	40	14	28	63	14	280	331	284	320	931	65	610	367	189	131	481	150	308	485	153	531	200	386	332	350	385	398	104	291	531	427	344	181	21	441	516	348	327	527	358	169	152	641	410	574	206	124	157	366	191	235	135	1035	20	58	33	43	14	40	65	42	44	57	90	25	38	79	58	121	56	28	66	97	18	24	24	68	94	14	54	19	46	9	252	127	327	48	53	46	69	15	37	53	25	42	7	12	40	79	218	107	57	17	43	90	29	39	52	57	49	47	42	18	234	55	41	29	49	14	51	33	65	45	170	54	95	25	86	4	38	35	155	40	49	153	42	33	61	137	37	93	21	46	103	56	13	33	57	41	16	174	42	26	21	39	12	87	36	39	20
C>G@CCC	44	45	45	283	34	34	96	10	51	22	168	213	53	52	26	163	6	37	49	77	18	38	72	18	18	19	13	26	29	5	29	16	20	31	11	29	17	24	34	32	29	31	27	27	25	12	28	36	15	25	12	12	12	19	25	19	36	15	19	35	13	23	59	20	232	244	257	225	625	58	500	281	175	126	452	124	239	359	125	419	170	276	270	228	277	376	80	226	463	344	331	122	11	371	407	271	267	441	276	164	120	526	313	443	154	118	100	253	165	203	109	808	23	61	39	41	5	31	72	26	39	72	87	18	45	83	53	130	69	19	90	85	19	23	31	65	104	5	53	20	49	8	255	300	328	42	50	40	69	10	41	49	31	35	2	21	27	88	253	93	71	10	53	102	52	35	52	52	36	26	63	24	251	42	57	20	79	12	48	31	52	47	397	36	96	22	63	6	36	34	224	51	37	216	34	51	97	136	34	68	27	41	142	54	9	60	58	40	9	164	40	19	19	41	23	118	50	41	15
C>G@CCG	26	29	16	142	19	23	18	6	21	4	253	127	14	16	8	182	0	10	17	35	5	8	58	4	6	0	0	0	0	0	4	5	0	3	6	4	2	7	1	10	5	2	9	7	7	2	8	1	2	5	1	0	7	1	3	0	0	3	4	1	0	1	0	0	113	125	134	133	278	33	198	121	72	34	198	39	103	177	46	183	56	139	121	86	98	151	35	84	166	202	159	73	4	104	184	138	110	180	110	59	82	221	141	179	69	50	53	91	65	86	41	328	14	48	37	34	6	24	40	10	7	63	82	6	22	73	37	128	39	13	80	16	3	10	31	12	70	6	18	5	3	7	254	120	145	51	35	18	33	3	26	30	23	10	8	18	20	56	190	17	41	7	45	26	9	53	38	9	23	10	42	15	156	4	36	11	19	7	41	27	33	39	142	14	58	29	41	0	23	23	131	40	5	70	8	22	25	42	19	99	15	29	56	48	9	30	56	11	12	202	30	20	8	33	15	97	50	24	0
C>G@CCT	84	117	131	372	133	97	128	40	69	32	198	411	85	73	79	322	4	183	70	174	47	89	92	31	37	24	14	39	44	13	25	27	18	60	27	46	39	44	58	59	48	40	28	67	48	11	42	50	32	30	13	19	17	35	41	32	44	43	31	42	27	48	75	10	299	306	268	347	917	87	583	372	212	177	519	163	290	440	140	528	224	335	317	330	359	378	122	277	522	453	405	169	26	437	531	379	368	546	359	221	179	641	379	462	221	130	184	312	189	217	185	914	30	70	42	67	7	53	88	45	60	75	108	36	65	133	60	219	119	34	104	123	30	28	39	73	248	18	104	36	54	11	338	696	377	70	88	68	101	21	62	61	45	62	3	23	65	111	482	154	76	16	52	108	43	76	73	82	83	58	105	23	422	53	73	25	97	15	81	39	104	57	779	75	154	41	92	9	40	51	388	69	57	391	48	47	169	161	59	89	39	92	217	82	20	72	62	35	14	195	56	33	30	64	22	194	62	49	28
C>G@GCA	35	30	42	140	44	33	144	12	30	15	69	218	41	23	22	79	5	50	40	58	20	39	36	10	18	12	9	23	29	9	21	5	8	26	7	16	19	19	22	25	18	18	11	14	15	16	13	23	11	14	13	4	14	18	17	9	33	16	15	23	17	13	38	11	192	323	193	234	497	61	487	302	128	71	358	123	190	331	101	354	175	315	219	244	278	352	80	240	322	318	283	175	5	372	429	279	251	370	264	165	103	535	357	381	164	76	70	224	138	184	97	820	12	30	13	35	5	27	35	36	24	25	28	20	18	48	26	74	19	17	37	106	20	13	22	62	32	8	24	22	51	3	109	62	275	25	32	18	34	17	17	20	16	33	4	9	28	28	105	91	58	10	21	96	29	25	39	37	24	24	20	17	82	32	25	15	51	15	27	9	53	13	68	17	45	10	38	1	7	17	75	27	18	67	32	26	21	84	25	52	14	20	37	18	3	19	23	93	14	56	20	17	12	23	7	43	28	11	25
C>G@GCC	37	29	35	146	37	25	79	7	19	8	83	165	43	36	7	88	9	41	24	61	13	37	40	12	13	14	15	16	22	6	20	9	15	22	9	28	15	16	20	90	27	20	16	30	27	13	26	28	15	9	15	10	8	19	14	15	32	20	16	13	18	19	56	9	201	218	181	225	422	50	412	253	125	71	302	89	213	236	95	306	133	236	197	191	223	249	72	173	354	226	248	110	9	346	332	277	232	341	217	117	86	469	289	278	150	80	65	233	142	157	119	654	17	36	27	39	8	39	51	47	31	32	50	28	32	65	43	75	39	25	78	119	14	18	28	46	99	11	55	17	40	7	140	206	259	54	53	43	60	15	29	40	18	38	12	20	68	39	331	95	95	10	30	84	36	35	45	31	26	18	26	26	160	70	56	18	74	6	37	19	45	41	170	34	82	31	45	0	22	13	169	34	36	147	29	30	49	110	30	56	40	49	82	40	15	45	37	54	12	104	31	23	19	27	11	68	53	29	32
C>G@GCG	10	16	2	38	10	13	23	0	7	5	28	49	4	17	12	23	0	8	5	23	10	6	6	0	1	3	4	0	3	5	0	0	3	0	0	0	0	1	2	12	0	0	0	0	4	0	0	3	1	1	1	7	0	0	0	0	2	0	2	0	3	0	5	0	65	86	88	90	200	14	149	107	35	13	171	34	58	95	36	119	44	114	94	89	84	127	19	73	131	143	103	38	14	130	119	72	84	143	68	46	44	202	90	130	53	22	22	110	57	78	28	291	12	23	18	13	0	3	21	5	4	12	32	0	16	37	17	47	27	10	17	23	3	2	5	12	38	1	8	11	3	9	84	37	85	23	16	4	26	5	13	11	10	3	4	7	5	15	61	7	1	3	18	15	11	27	13	0	11	6	14	7	70	13	8	0	8	0	6	7	15	24	44	8	25	15	6	5	14	11	52	9	0	46	0	5	8	16	11	25	14	9	30	14	4	22	34	7	0	64	20	2	8	11	9	27	20	11	5
C>G@GCT	45	56	56	134	65	41	89	19	31	19	103	260	47	53	23	149	6	79	48	96	27	46	29	17	20	9	14	26	31	6	29	16	15	34	17	30	22	22	41	51	40	32	20	36	40	16	40	30	16	15	15	7	14	30	39	19	44	18	23	30	28	36	81	15	192	213	174	202	534	40	359	255	114	96	266	93	177	264	101	362	143	224	186	207	217	314	78	183	291	307	238	106	12	313	347	238	239	269	209	106	75	384	282	252	160	82	115	192	123	143	110	619	17	39	44	51	6	33	87	45	44	50	73	17	32	83	55	131	43	18	85	107	34	20	17	48	117	16	42	26	49	12	256	323	353	66	85	47	82	14	33	35	20	41	2	21	52	77	333	124	93	6	41	86	40	44	57	53	48	28	54	26	213	38	47	17	70	10	49	29	72	37	240	38	99	26	63	3	39	23	190	46	31	154	25	39	38	119	28	92	36	59	127	47	16	37	43	54	12	174	40	34	16	35	14	112	47	40	20
C>G@TCA	878	2649	3287	638	4794	1771	414	1253	353	809	368	4435	632	938	1668	4219	17	6134	840	3673	1300	397	469	38	56	40	13	61	76	11	43	19	30	94	22	60	43	37	62	115	88	66	41	64	50	32	41	56	36	33	23	21	24	38	54	37	126	32	51	49	35	36	142	29	1183	567	432	2175	13872	184	885	1162	1056	1139	571	295	447	2567	441	2192	1074	1196	960	1157	1290	743	1809	1043	2648	640	968	403	554	836	1165	1713	1364	1382	651	392	360	969	740	1061	425	525	2142	3315	298	278	728	2559	68	64	50	160	12	87	95	164	120	77	99	73	51	102	81	181	80	48	107	294	96	67	41	108	171	77	134	80	139	27	356	298	535	70	127	162	110	55	62	54	62	80	20	47	153	87	314	289	97	39	53	170	73	52	97	225	89	163	66	36	221	172	79	49	117	44	86	46	105	70	253	87	173	41	153	11	62	60	231	69	146	312	99	41	67	242	120	113	56	95	195	71	24	49	49	106	46	198	50	73	90	66	26	131	86	105	46
C>G@TCC	212	598	689	308	975	411	145	266	91	204	195	1197	183	248	344	929	12	1357	219	812	261	138	130	25	38	30	18	49	65	6	46	25	28	53	28	51	41	54	63	74	60	55	44	75	46	27	40	54	29	28	19	20	15	27	35	28	89	30	33	38	24	31	147	32	547	396	348	685	3135	117	633	502	417	344	498	209	348	883	235	834	402	573	485	532	589	520	463	473	1012	454	489	224	108	535	636	622	580	737	391	257	206	763	470	643	289	267	583	859	206	284	306	1262	57	99	54	134	14	77	128	78	65	102	141	53	72	173	79	282	145	59	156	152	51	46	59	75	210	54	136	54	92	15	461	651	625	107	118	73	153	26	81	73	70	58	14	61	110	156	607	206	122	29	95	140	64	90	100	133	74	79	104	63	439	107	126	30	96	30	94	78	120	92	812	83	214	39	97	13	65	58	400	95	86	402	71	53	184	250	71	166	50	121	248	119	27	98	110	78	36	335	80	62	49	86	34	223	104	88	39
C>G@TCG	44	192	130	89	157	49	20	51	13	25	126	293	26	59	101	226	0	270	75	168	56	23	17	0	0	0	0	0	0	0	0	3	4	8	10	0	5	0	0	12	0	0	0	6	10	0	0	2	0	2	1	0	7	0	6	1	7	2	0	3	6	4	0	3	85	81	71	146	669	22	146	94	73	85	109	54	49	172	51	215	70	115	86	114	118	113	107	81	188	117	97	52	10	107	123	102	105	169	77	36	39	144	98	116	38	36	91	172	32	57	59	303	19	32	23	23	0	17	25	10	14	31	37	1	29	30	26	61	23	6	25	11	1	3	13	8	30	2	6	11	11	0	134	74	97	26	29	7	37	5	26	15	20	5	7	14	12	33	111	18	30	8	34	15	2	39	18	21	14	8	32	14	84	19	13	9	14	11	15	8	12	25	76	9	30	15	17	0	19	12	72	21	8	51	2	12	9	40	11	45	12	13	56	29	3	21	46	8	0	83	29	12	7	27	4	62	26	22	6
C>G@TCT	1211	3464	4163	647	5740	2327	516	1600	492	1144	433	5994	809	1336	2172	5021	33	7157	985	4163	1539	560	507	78	116	51	67	93	143	18	89	53	79	168	77	108	87	100	140	245	189	129	106	180	116	51	120	146	70	59	40	44	47	116	84	85	187	78	107	105	84	90	261	52	1514	730	582	2479	16534	266	1255	1412	1329	1503	886	434	720	2773	602	2579	1276	1242	1082	1471	1599	1035	2170	1213	2841	830	1269	569	721	1034	1444	1798	1785	1957	884	631	476	1223	1057	1326	612	765	2367	3527	436	466	871	3125	118	189	96	290	28	156	289	269	236	165	303	131	157	306	185	452	179	107	338	480	155	83	100	174	598	127	266	120	223	48	879	1787	935	213	237	278	265	119	153	107	113	135	24	112	276	257	1169	486	231	75	157	252	143	159	185	357	214	260	194	82	780	293	176	91	201	66	178	123	275	143	1243	171	450	86	279	12	150	136	939	160	228	836	144	103	234	413	189	265	145	232	562	203	65	132	164	137	80	561	132	146	138	149	51	430	186	174	81
C>T@ACA	218	244	334	701	231	203	327	87	204	46	331	649	99	150	112	545	22	170	151	428	86	109	225	176	101	101	35	157	127	47	113	87	94	109	123	108	103	82	139	110	183	144	105	105	193	64	154	158	124	123	40	85	108	105	103	119	155	91	109	42	149	180	6634	67	556	648	567	547	1175	194	1009	618	400	232	867	361	583	744	393	888	421	622	697	514	650	653	240	488	819	686	795	609	44	775	1041	797	671	905	607	546	359	1134	802	735	477	227	239	623	409	464	325	1591	91	173	132	238	13	142	189	82	136	229	218	86	117	310	137	517	165	139	236	200	69	53	103	134	220	26	109	83	93	33	667	424	912	184	227	68	205	52	87	141	120	149	17	72	175	260	598	250	1696	26	174	253	105	133	154	176	142	73	157	102	568	80	165	157	196	44	199	96	167	183	429	155	226	90	247	0	128	87	465	154	100	337	110	86	143	296	128	287	75	130	248	170	39	87	208	77	30	585	88	90	89	153	60	327	142	70	52
C>T@ACC	95	104	152	441	130	60	265	21	146	42	186	286	115	73	61	316	12	100	94	225	36	80	122	67	25	47	17	87	54	0	67	43	24	41	43	72	24	51	66	29	76	43	58	53	57	19	75	63	63	41	20	55	65	53	59	26	82	71	48	41	56	66	27620	36	223	256	298	257	634	94	454	266	253	98	492	193	259	295	160	327	184	291	336	222	253	287	125	203	436	330	381	303	10	355	403	383	290	493	286	255	170	471	341	430	225	117	133	294	192	228	187	630	1311	4060	2036	1506	8	1102	2873	57	55	2499	2297	44	1806	5598	2589	6676	2012	907	3975	124	19	45	1154	374	6574	106	1484	11	58	604	9076	13017	4971	2937	1463	836	3276	53	1274	1263	751	81	40	925	875	3272	10250	98	2828	170	2230	180	55	2005	2165	103	1595	55	3212	909	8351	49	2517	80	144	389	1116	1275	2110	2562	11265	1166	2788	1171	1073	45	1227	1038	5865	1421	54	4048	52	1056	1165	1702	551	4244	1575	1683	4825	2596	199	1080	4491	23	119	5154	1595	771	562	1933	389	5870	1760	1218	67
C>T@ACG	41	35	91	175	19	576	45	88	15	116	209	0	65	23	1	104	165	0	0	4	113	9	62	737	693	849	161	352	377	141	533	341	661	619	544	343	362	274	943	191	839	932	768	632	787	261	829	889	561	799	373	367	610	90	756	328	783	643	707	706	691	1371	887	663	8	123	133	48	3	127	15	0	7	51	32	63	70	6	110	0	1	31	58	18	63	113	0	2	64	178	2	131	109	87	116	1	1	0	58	8	24	10	97	0	7	23	94	0	132	71	3	0	0	0	0	0	34	0	0	122	21	0	0	13	0	0	0	0	0	0	0	6	72	92	0	0	0	82	0	89	18	0	0	0	0	0	0	0	0	41	0	0	0	201	43	0	0	0	0	67	28	0	0	102	46	0	0	119	0	5	0	0	0	28	0	0	194	1	0	0	0	0	0	0	0	0	0	20	0	0	0	0	178	0	151	0	0	0	0	0	0	0	0	0	0	0	0	69	0	0	0	0	0	0	5	0	0	0	112
C>T@ACT	145	157	159	486	145	26	246	0	118	70	219	377	109	117	88	369	0	92	85	203	45	76	140	105	84	37	63	106	44	34	106	66	49	0	30	52	76	73	81	72	72	47	64	3	70	53	70	38	9	22	45	19	38	54	17	72	75	47	31	71	66	100	21235	2	276	309	401	241	681	101	517	350	284	166	501	185	298	459	209	541	239	325	497	310	368	391	67	268	411	474	458	377	39	445	629	481	384	597	309	299	221	590	465	396	267	171	159	334	179	266	217	849	496	1867	722	808	38	431	1355	67	116	1193	1036	31	841	2414	1078	2652	938	445	1815	130	51	42	559	217	2770	32	621	46	59	262	3292	7609	2383	1143	852	329	1173	39	632	647	416	141	54	455	450	1521	4118	182	1630	104	1064	312	64	899	860	119	1055	71	1631	447	4230	56	1294	117	198	149	797	628	857	1113	5317	640	1495	608	521	40	573	472	3322	566	37	2146	99	319	444	591	268	2105	811	838	2603	933	76	299	2262	12	71	2548	721	281	328	888	180	2747	643	532	15
C>T@CCA	269	337	544	663	358	230	272	141	373	55	271	675	102	170	165	724	19	364	133	729	81	85	215	36	1	32	9	140	52	0	95	20	22	11	2	81	38	51	4	51	67	35	34	35	89	52	78	53	13	29	28	13	47	87	49	0	71	47	40	56	61	72	5691	31	588	564	628	552	1443	219	1093	719	415	211	903	333	637	730	386	740	408	646	597	534	748	676	286	483	893	668	771	618	65	739	1225	755	626	1015	667	517	352	1170	816	785	463	241	252	686	375	546	317	1509	4476	11675	6083	4820	49	2987	9413	134	107	7136	6263	27	4653	17835	6709	25286	5791	2565	12128	217	30	100	3097	1252	19191	284	3815	52	116	1987	32256	43319	15675	8749	5100	2329	8772	51	3781	4025	2494	95	77	2663	3124	9391	25559	102	9285	498	6310	486	124	5316	6456	144	5383	96	11357	2851	27535	72	8153	157	212	1068	3923	4166	5684	6625	40314	4037	9009	3491	2725	130	3282	3356	21560	3974	76	15238	110	2554	3563	3709	1439	13026	5215	5034	14823	6662	628	2226	14917	49	285	17873	4546	2183	2005	5670	1191	19908	5093	3210	127
C>T@CCC	211	221	349	551	218	83	306	63	338	61	174	412	61	130	120	425	37	171	95	422	103	62	176	56	10	37	10	188	39	13	190	98	48	0	73	71	56	43	0	74	47	5	75	14	169	68	158	87	77	74	61	22	44	78	36	26	62	82	90	21	10	129	29279	53	477	381	518	408	1018	198	738	520	287	136	768	257	484	470	238	443	276	451	465	426	529	467	135	408	622	440	482	361	32	609	768	575	503	799	490	392	277	821	528	581	335	186	183	557	285	386	236	1009	5323	14368	7724	5638	31	3679	12300	127	116	8951	7636	57	5664	20802	8153	36033	7866	3042	13588	237	0	79	3597	1664	23374	309	4917	46	176	2377	43816	48060	19326	10485	6434	3371	10661	58	4747	4837	3142	155	42	3061	4296	12073	35833	94	11813	782	7822	466	147	6942	8445	199	6079	104	13073	3833	32494	66	10932	162	250	1205	4452	4935	6966	7740	46399	5622	11754	4103	3375	168	4076	4597	27746	5544	69	23015	82	2978	5155	4222	1666	16160	5039	6273	16948	8122	905	3075	17343	105	378	23897	5698	2664	2484	6939	1404	22777	6587	3814	117
C>T@CCG	2	25	0	4	12	523	1	14	27	0	1	8	0	0	0	1	83	1	2	74	2	12	0	21	31	170	47	10	0	0	90	0	8	4	7	0	5	94	3	1	12	33	21	12	0	2	7	23	2	145	170	61	0	17	132	4	16	22	146	12	26	238	0	0	0	8	158	0	2	1	97	58	1	40	57	1	77	1	1	2	2	1	1	55	8	18	3	4	124	60	11	48	0	3	144	114	13	81	68	0	116	91	58	91	1	26	0	0	74	31	42	39	413	1285	711	460	51	315	1027	0	0	1005	824	1	588	2288	606	3396	759	207	1410	1	0	0	298	79	2175	0	553	19	0	217	4480	5722	1788	1016	560	394	1184	0	553	494	324	0	0	293	304	1354	3589	0	1139	123	766	0	0	643	618	0	366	0	1256	252	3608	0	973	76	0	77	444	497	797	673	5880	356	1177	480	404	94	492	425	2738	573	0	2082	0	363	301	467	158	1507	444	667	1803	869	16	304	1514	2	8	2611	586	131	93	753	102	2819	676	413	1
C>T@CCT	350	334	523	805	380	225	354	76	441	76	339	705	128	173	187	652	48	212	170	628	171	104	290	154	71	48	43	115	122	29	129	98	96	97	73	97	113	103	111	89	177	84	166	29	175	63	141	143	76	95	35	82	71	83	134	66	138	82	104	110	113	102	20530	69	639	626	664	559	1435	217	1254	775	402	239	1131	342	601	799	395	921	399	684	712	538	741	732	204	485	921	772	830	487	57	880	1252	907	750	1207	634	492	355	1273	899	863	443	216	235	703	408	485	302	1738	4536	13023	5736	4993	51	3170	10518	93	103	7286	6706	42	5384	18792	6859	26075	6908	2947	12152	228	45	77	3143	1577	23145	272	4361	64	175	2186	29802	52324	14682	9018	5290	2644	9734	76	4378	4215	2420	207	58	2747	3613	10007	29579	245	9758	561	6598	806	134	5645	6846	166	5640	107	12248	2978	29791	75	9095	110	234	1006	4236	4213	6128	7001	48251	4809	9749	4011	2885	121	3491	3773	25185	4342	54	19987	103	2588	4367	3513	1542	13688	4972	5467	17436	6358	727	2328	15074	55	360	17306	5073	2103	1935	5916	1317	22203	5334	3336	136
C>T@GCA	94	160	199	413	178	71	396	90	125	26	145	454	108	107	106	419	8	233	112	221	81	75	134	71	39	0	12	48	34	35	64	39	1	46	0	62	81	0	0	56	55	2	23	31	41	4	6	0	0	27	32	37	11	50	73	27	52	61	8	15	4	2	5881	60	310	444	361	325	772	187	474	352	321	157	482	266	512	429	246	554	241	376	491	381	371	419	192	352	447	454	508	484	57	500	581	521	491	599	397	382	230	602	609	575	368	153	165	421	237	303	341	960	67	140	77	117	57	101	97	69	60	99	124	37	66	162	105	300	118	66	171	87	12	38	19	80	144	35	70	47	72	44	407	213	784	93	116	47	102	54	59	77	70	64	1	56	83	156	318	132	1721	42	99	172	38	64	71	167	116	72	89	45	277	62	90	65	156	54	86	41	81	68	180	67	108	53	170	17	78	47	246	123	53	216	81	82	75	227	46	171	51	60	140	64	33	85	110	67	10	340	45	42	40	80	17	172	77	60	42
C>T@GCC	120	158	133	363	107	104	333	48	109	77	142	320	70	107	84	325	23	148	90	169	64	37	163	15	24	38	0	34	46	0	34	84	57	12	27	43	94	90	13	141	24	74	36	50	24	30	20	73	44	83	39	49	32	40	15	45	47	79	25	36	20	0	22388	8	283	288	258	234	535	161	411	304	219	68	486	231	316	340	221	428	202	267	296	334	257	324	154	253	359	364	346	367	48	352	338	379	388	465	244	273	160	478	387	393	307	104	124	299	216	224	234	616	797	2628	1272	882	8	702	1835	79	64	1489	1429	25	1263	3379	1900	4402	1373	542	2558	99	36	10	758	288	4043	95	1001	48	50	472	5618	8807	3250	1783	1002	605	2092	41	896	826	503	86	48	493	554	2097	6704	89	2570	128	1336	135	35	1377	1405	77	1011	71	1904	535	5132	44	1649	47	107	243	744	810	1371	1636	6863	806	1763	857	783	34	733	673	3726	933	56	2961	73	644	739	1167	378	2726	1052	1154	3236	1726	130	688	2829	73	79	2961	1060	561	413	1315	238	3843	1128	877	73
C>T@GCG	4	0	74	92	0	417	63	104	19	109	41	55	126	67	102	0	201	156	101	0	101	79	89	360	298	288	6	205	129	32	244	197	252	299	286	138	182	119	212	371	263	372	217	273	259	81	248	283	257	416	176	248	191	30	315	147	202	311	220	273	251	579	619	191	11	86	188	1	0	77	2	41	1	0	1	149	118	0	29	53	42	27	3	16	21	35	26	49	114	82	18	7	12	54	3	2	12	102	28	76	0	11	117	77	46	1	37	66	112	90	165	2	0	0	0	0	1	0	0	0	56	0	0	31	0	0	0	0	0	0	0	87	4	147	0	0	0	0	0	0	10	0	0	0	0	0	0	0	0	29	0	0	0	186	29	0	0	0	0	33	672	0	0	0	28	0	0	75	0	1	0	0	0	76	0	74	144	0	0	0	0	0	0	0	0	0	0	63	0	0	0	0	75	0	157	0	0	0	7	0	0	0	0	0	0	0	0	79	7	0	0	0	0	0	0	0	0	0	100
C>T@GCT	141	192	163	418	199	120	509	52	170	76	170	412	139	78	104	367	40	185	121	197	131	84	177	63	50	55	41	75	57	40	72	38	85	32	68	93	79	73	72	154	109	63	43	48	61	55	69	89	60	80	70	45	60	74	99	72	52	106	70	46	76	69	15591	33	296	353	307	300	601	163	517	368	259	120	468	219	356	383	192	487	226	305	380	305	337	341	104	265	459	414	377	342	33	424	450	495	391	495	287	299	237	528	472	463	316	112	197	313	263	253	288	761	936	3011	1158	1116	5	674	2098	81	80	1718	1289	32	1379	4185	1877	3500	1115	700	3225	131	26	34	850	312	4305	71	961	39	86	430	4442	13355	3653	2159	1116	514	1802	43	707	933	586	120	17	660	827	1959	5308	162	2852	99	1422	292	73	1115	1539	134	1474	59	2913	563	5752	54	1841	75	152	222	993	881	1498	1695	10537	837	1943	878	717	47	796	629	4592	952	59	2532	90	638	845	812	348	3313	1505	1144	4608	1388	168	453	3832	58	104	3400	1024	557	425	1511	268	5480	1115	745	62
C>T@TCA	1061	3970	6141	1129	6844	3012	589	1722	624	1498	820	6014	810	1555	2397	9907	117	7744	1078	4652	965	544	1025	31	34	43	51	124	40	41	79	36	9	20	31	65	2	12	23	115	125	34	98	11	154	49	83	58	35	33	0	0	28	71	18	12	109	3	71	46	20	64	6863	30	1831	673	598	2150	13406	358	1122	1418	2506	1459	995	495	703	3849	640	2254	1369	1152	1558	990	1382	765	3261	1071	2716	658	1543	900	798	950	1237	2436	1968	1843	604	856	597	1135	1152	1562	670	696	2680	5043	500	607	810	3075	12572	37178	17410	13897	125	10331	27126	373	314	23543	13051	64	13993	56192	25654	50360	11608	7628	49158	483	137	88	9665	2479	54502	616	10735	108	319	5809	65376	176491	48518	27879	13713	6617	23780	148	8140	12025	6585	174	170	8492	9707	24312	60409	347	23986	1429	17996	1246	198	13821	19608	310	17567	339	39778	7524	69463	105	22654	200	321	3234	11602	11805	16469	21237	145673	9675	23940	9513	6424	260	8778	8113	51241	11876	192	22574	334	7391	10275	9723	3714	42928	19234	12173	55132	17687	2117	4527	45099	140	829	45551	11285	8048	5524	16178	3179	68365	14471	9128	226
C>T@TCC	383	836	1300	639	1336	613	335	337	214	344	395	1364	210	359	515	2114	48	1385	299	1038	217	141	297	44	8	21	45	90	37	0	108	74	19	16	30	56	44	37	54	82	133	73	15	36	110	22	52	53	46	72	21	54	57	72	12	42	80	60	78	93	35	88	35670	53	695	480	502	633	3281	239	757	660	770	481	704	385	487	1091	351	770	536	603	725	556	683	526	755	490	1016	584	710	613	154	629	713	957	809	884	431	482	319	771	665	713	452	293	698	1296	390	381	410	1350	20348	68341	35446	24426	190	17593	44526	282	261	44600	25743	93	22250	91875	43774	103742	23143	11334	81397	523	94	78	15461	3741	84142	1352	19237	105	288	9290	133347	245370	96721	50235	24821	12802	42916	174	15233	21852	12881	185	194	15872	18332	45077	122629	174	42165	2740	33933	1272	220	26281	34645	276	30987	216	63004	14746	111528	35	40843	200	294	4648	20227	21421	30989	36360	199871	18121	43533	15099	11954	731	14982	15726	83214	24607	123	46268	188	11248	18522	16895	6447	76222	25268	22671	78402	34034	4028	10142	77613	77	1337	90599	18784	14229	9999	26810	4991	98296	28112	14811	314
C>T@TCG	64	435	505	101	607	356	64	183	3	157	106	616	68	194	223	1090	70	579	81	297	185	0	125	100	7	107	2	2	5	61	16	87	6	102	77	0	19	0	67	38	107	197	12	40	100	0	24	2	121	131	93	126	137	3	91	0	6	130	23	14	79	263	0	125	94	0	0	123	1234	0	0	4	40	125	1	36	0	193	29	66	99	0	61	2	0	1	342	45	4	1	1	0	53	0	0	98	21	173	2	38	96	0	0	38	8	2	221	450	1	0	13	164	4642	12663	6068	4939	11	3331	9477	66	0	8225	5629	0	5133	20095	7954	20447	4952	2880	14105	78	34	0	3558	1054	18374	333	4191	66	20	2203	27243	41984	14902	10641	4839	2286	8419	36	3340	4254	2518	87	0	2869	3128	10001	22496	38	8556	521	6877	373	3	5359	7241	0	5938	22	11935	2480	27117	32	7463	63	27	1302	3810	3876	6577	7219	44587	3450	8720	3903	2826	114	3259	3072	21762	4306	24	10926	1	3296	3188	3501	1452	14344	7041	5388	15075	7013	730	2067	15795	0	293	19498	4621	2405	1909	6399	1255	24010	5658	3715	3
C>T@TCT	690	2107	3120	1253	3418	1486	563	769	447	747	579	3047	563	869	1309	5392	94	3257	721	2262	524	355	592	99	66	78	67	118	72	28	115	82	76	60	66	114	63	57	118	98	192	108	76	85	176	36	154	109	49	48	37	34	68	65	59	77	105	58	69	71	52	172	28519	54	1112	653	608	1185	7218	315	1167	1002	1458	899	920	442	666	2218	494	1405	847	846	1248	743	990	612	1678	715	1622	704	1210	675	426	867	921	1598	1360	1507	586	656	513	1183	970	1157	590	475	1465	2742	481	546	559	2227	7391	23105	9724	8683	123	5607	17015	254	320	14195	10475	67	10064	32221	13301	35780	9683	5114	23352	410	102	129	6118	2185	37193	527	7166	88	293	3452	43227	104427	27331	16134	9083	4587	14571	160	6575	7147	4182	225	127	5208	5877	16887	45942	318	16260	990	11274	1169	208	9515	11567	302	11019	312	22668	4707	48542	114	15213	244	315	1708	7653	7032	10988	12594	82840	7295	16832	6703	4546	236	5833	5719	41709	7067	179	25738	304	4387	6833	5705	2841	24175	9677	9114	32551	10898	1454	3518	27332	108	531	31580	8195	3920	3437	10663	2214	36911	8901	5857	241
T>A@ATA	110	104	102	313	51	51	173	31	121	36	130	593	82	63	62	185	21	63	57	154	54	94	82	51	70	58	38	55	91	16	95	50	60	70	42	61	35	19	86	56	82	74	75	82	59	23	86	61	44	21	36	20	43	46	40	51	97	48	58	66	52	94	173	32	445	434	453	341	872	103	680	453	211	132	683	235	425	385	289	519	257	339	449	576	438	592	121	307	726	531	539	325	24	442	655	609	421	932	456	369	293	768	523	602	306	191	166	428	238	363	294	1116	199	729	282	349	28	213	591	77	27	542	649	28	319	872	423	1212	319	181	861	155	25	31	121	119	1180	21	275	20	57	79	2199	4586	1707	499	443	132	576	35	264	241	215	43	20	181	152	547	1921	113	684	45	371	179	91	303	323	77	547	41	552	213	1697	44	445	20	87	90	279	214	439	482	1912	391	601	197	229	8	243	202	1342	293	26	814	71	194	215	320	177	762	198	292	849	418	85	156	632	102	27	1618	331	127	142	366	90	843	353	180	56
T>A@ATC	50	49	47	173	33	31	84	22	52	21	87	214	61	57	11	118	19	37	47	78	30	65	51	33	39	39	17	37	39	15	45	19	40	35	32	50	31	31	50	56	69	36	34	53	40	19	49	39	19	12	19	21	15	26	41	47	65	19	28	41	33	51	102	10	161	149	147	115	335	51	318	176	99	87	180	95	147	150	87	237	122	109	186	157	144	193	49	134	228	195	200	181	24	203	190	193	134	298	146	107	96	239	204	248	135	98	86	174	82	109	141	368	58	185	91	133	21	87	164	51	36	157	188	24	102	246	166	345	85	73	247	64	16	31	52	60	307	22	92	31	44	32	501	1122	519	138	132	44	180	16	72	92	87	36	14	65	78	150	533	69	261	19	115	124	37	114	100	79	144	25	186	73	468	28	147	26	70	33	131	83	158	138	598	78	195	85	93	16	74	46	423	87	24	226	33	59	70	192	49	214	93	86	299	130	30	76	184	45	21	411	103	43	57	126	35	250	92	70	44
T>A@ATG	76	94	72	239	56	50	98	27	88	19	96	370	80	40	24	132	23	46	46	106	26	62	51	53	37	35	28	35	63	13	57	39	43	59	51	76	59	33	100	58	96	57	67	60	55	25	82	57	34	38	17	9	36	49	57	41	82	33	43	38	59	82	112	36	422	333	328	319	704	83	751	437	238	116	480	192	330	407	214	486	231	365	394	343	352	462	114	242	636	410	459	216	30	439	437	486	378	710	385	253	191	680	446	595	255	168	125	430	241	295	201	1011	68	249	115	203	20	88	232	48	32	216	310	33	127	324	166	522	122	102	273	83	19	25	62	77	384	33	102	32	37	25	746	1038	618	168	155	58	216	18	99	110	109	46	19	75	99	188	699	106	238	24	128	110	42	167	138	68	227	34	242	89	517	38	213	25	60	36	152	93	190	183	586	130	171	94	117	12	105	71	351	149	24	451	41	73	106	177	77	311	90	127	385	162	42	92	255	49	20	560	106	77	55	137	64	261	127	81	29
T>A@ATT	129	131	111	351	110	67	186	49	119	71	209	507	149	112	54	208	53	121	129	203	79	125	162	76	76	78	38	63	101	16	105	58	87	113	50	92	65	49	162	73	149	88	98	105	78	22	114	98	51	36	34	38	60	71	73	73	121	56	78	70	83	121	180	41	353	288	349	213	650	117	497	309	232	160	361	210	293	349	197	462	197	241	353	374	284	422	156	259	495	411	408	349	36	348	387	416	335	541	311	269	210	559	365	522	338	161	153	326	211	267	243	706	456	1617	845	990	25	447	1376	74	80	1760	1639	43	766	2476	1017	3002	757	453	2051	153	28	70	355	201	3343	42	594	40	66	191	5238	7067	4052	1588	927	303	1310	30	668	622	440	93	22	542	348	1480	4351	158	2054	107	1065	233	89	873	765	115	1343	62	1778	420	4290	64	1197	41	135	160	746	443	1219	1111	5776	598	1303	573	587	28	646	491	4635	670	35	2192	79	409	473	647	380	1872	578	709	2104	991	286	265	1710	93	45	4688	868	263	303	931	236	2365	1047	475	73
T>A@CTA	61	73	62	176	50	22	143	11	101	12	84	531	56	38	26	115	20	21	31	94	15	35	29	38	39	13	14	36	56	13	36	17	30	36	34	53	50	24	79	36	58	58	62	44	32	7	65	37	35	22	13	2	36	32	30	35	61	21	32	35	30	63	92	28	513	382	438	358	993	67	798	494	149	62	604	218	409	408	251	523	252	413	422	432	446	626	90	342	790	464	482	229	12	527	659	557	380	962	470	292	169	862	490	592	287	176	112	475	226	356	197	1255	48	134	57	112	5	48	132	37	15	114	148	7	41	187	98	318	110	41	145	68	5	15	35	58	218	24	72	7	37	25	454	493	363	98	97	39	147	16	63	71	46	26	13	48	66	127	387	80	114	17	88	116	39	62	62	45	87	18	120	64	423	23	105	19	48	21	104	61	107	78	580	90	110	37	91	7	47	66	360	84	17	217	27	55	77	134	42	147	48	69	235	89	19	39	101	29	15	428	88	36	37	85	23	229	80	52	17
T>A@CTC	60	56	46	186	31	46	57	9	53	14	90	368	62	44	13	80	16	30	54	88	18	62	28	61	43	59	18	38	77	9	74	29	52	54	31	74	49	22	135	43	114	55	91	56	47	28	92	68	46	34	16	28	35	42	57	64	86	34	53	40	43	102	110	35	328	255	285	260	747	55	600	336	153	94	414	126	266	365	156	391	197	299	342	249	328	387	77	216	524	356	355	175	8	398	394	377	296	584	308	175	144	576	338	469	184	157	126	319	177	236	118	837	60	141	60	106	8	62	154	25	35	120	184	23	134	283	108	259	87	54	173	68	21	17	38	55	346	15	83	19	47	14	592	852	394	179	112	71	238	8	67	65	52	35	8	43	50	177	557	110	183	13	106	109	38	65	111	68	111	27	164	47	834	25	119	25	136	25	114	33	159	109	1099	85	215	74	100	7	69	80	923	57	20	254	48	79	121	178	43	186	76	91	312	153	34	24	91	33	11	424	97	30	39	102	31	384	94	72	24
T>A@CTG	95	106	71	272	47	48	129	16	117	17	97	596	38	41	41	115	9	39	39	121	14	51	42	62	40	22	22	49	66	7	73	33	42	49	27	65	47	29	96	42	92	45	77	51	45	27	72	58	31	38	13	14	26	31	67	62	88	25	30	53	42	73	103	28	798	583	576	624	1539	127	1440	845	246	81	1046	278	570	730	348	786	393	705	633	620	657	907	136	531	1193	598	724	259	20	943	765	715	592	1390	660	395	327	1360	830	1113	346	317	139	831	402	513	243	1994	34	97	39	122	23	46	126	31	33	96	120	17	45	148	66	362	79	31	118	69	19	17	14	70	125	4	79	23	36	12	333	294	280	77	71	41	147	16	46	50	62	22	13	32	74	84	353	94	104	8	68	103	38	55	78	66	107	17	105	74	305	30	90	24	67	21	117	57	86	72	397	88	95	39	58	24	34	44	267	59	25	209	40	47	50	137	52	129	44	53	217	90	19	50	78	32	16	287	45	34	23	64	19	160	80	42	25
T>A@CTT	89	93	56	249	43	68	145	15	104	11	131	638	113	71	41	101	21	41	76	131	19	93	39	111	77	75	35	64	105	9	112	44	90	128	64	104	92	36	191	54	157	96	112	113	82	43	146	125	66	49	39	32	61	46	110	85	140	53	67	63	68	169	155	50	482	345	547	364	1147	72	721	401	183	167	571	197	397	528	239	618	285	449	442	441	469	602	97	367	735	609	464	214	31	556	644	490	382	848	471	299	238	784	465	719	321	216	145	403	237	366	210	1109	107	303	98	192	24	85	347	37	45	348	383	25	191	451	156	631	179	91	386	97	32	39	62	71	896	20	262	18	61	33	1159	2920	777	335	263	88	615	14	123	125	109	36	8	109	99	341	895	201	271	26	221	178	70	130	151	124	304	43	390	79	1492	56	176	19	264	35	214	92	280	211	2503	144	315	94	120	8	161	154	2250	109	25	468	51	103	175	253	77	357	132	153	716	197	86	49	157	42	28	1215	191	72	63	179	43	646	235	134	31
T>A@GTA	37	66	21	164	3	8	81	0	53	14	47	289	19	3	0	60	4	0	0	63	0	1	30	0	8	0	0	12	17	6	13	0	0	19	0	37	0	23	28	38	15	0	24	2	2	0	17	0	0	17	0	12	0	13	0	0	0	0	0	0	0	0	0	0	301	296	284	250	626	60	502	317	102	42	416	139	283	299	141	350	169	242	287	310	292	393	85	216	492	346	327	154	0	317	389	375	263	587	286	179	159	557	361	452	162	128	68	332	158	247	143	777	26	105	55	75	0	33	68	18	0	109	108	9	35	157	76	245	73	28	141	32	0	8	24	29	201	0	49	20	16	15	265	916	292	103	75	27	109	10	67	35	67	12	6	35	47	92	315	57	3	0	68	45	15	60	68	9	106	4	101	54	309	25	100	0	32	0	69	54	68	79	383	65	61	48	36	0	45	41	208	63	0	137	16	48	61	69	63	145	51	63	166	81	4	24	109	22	9	245	45	26	45	71	37	158	59	41	11
T>A@GTC	17	28	22	130	12	21	45	0	34	8	59	167	35	28	9	72	6	15	28	36	10	29	27	25	20	12	16	24	31	7	30	11	17	36	14	34	12	19	42	19	40	17	17	26	22	2	26	30	7	11	8	8	16	21	31	27	32	11	21	15	16	35	64	4	132	104	110	120	287	31	227	128	90	55	155	53	107	140	75	143	86	122	152	106	118	189	38	117	185	149	165	70	7	146	131	149	143	236	129	85	74	239	164	162	90	54	56	137	62	98	69	288	26	66	21	41	3	33	62	26	19	55	69	11	61	102	58	116	40	23	103	34	10	11	27	19	109	10	37	7	21	9	178	351	152	63	47	18	72	4	35	55	25	12	2	19	30	54	194	36	106	10	41	62	39	23	33	35	49	19	54	30	205	12	52	16	37	13	53	18	54	51	262	34	71	37	37	2	26	32	207	42	10	70	15	38	34	80	19	68	27	41	96	66	14	16	54	24	12	138	27	25	30	29	11	101	50	20	12
T>A@GTG	77	65	31	180	0	31	32	0	50	11	65	328	39	19	22	87	4	0	0	53	0	26	41	17	14	20	0	19	27	0	8	4	16	3	28	31	4	30	16	11	41	14	16	30	9	7	36	7	19	0	12	0	0	24	4	37	11	0	6	30	0	21	0	21	393	300	310	293	708	77	692	406	163	74	504	197	309	341	192	405	244	328	328	306	305	515	82	259	591	333	363	210	5	456	456	427	310	742	358	202	191	672	405	594	181	160	107	428	211	290	164	957	41	92	40	103	8	47	80	22	5	94	125	15	45	144	77	297	52	22	121	50	20	27	11	27	123	14	44	19	20	15	214	473	340	65	73	29	112	18	40	55	81	22	26	29	45	75	314	77	69	11	66	35	0	33	55	15	99	9	85	73	217	7	102	20	42	9	95	64	61	62	199	43	80	25	49	12	34	38	129	82	16	149	12	34	43	83	41	146	46	43	129	94	28	53	98	8	17	217	62	43	24	59	21	124	53	27	3
T>A@GTT	35	48	47	192	18	19	86	14	55	1	71	331	70	36	24	87	0	11	41	79	7	63	39	60	34	56	19	32	54	2	55	29	52	66	43	62	48	24	126	50	117	57	55	63	42	27	90	77	43	32	9	23	39	41	50	47	78	24	34	28	44	75	81	19	226	199	239	179	551	52	372	219	122	88	319	121	195	237	137	365	136	208	245	229	219	339	58	190	342	349	293	136	11	287	299	278	227	459	244	188	151	421	250	320	177	138	107	266	158	220	121	496	52	213	77	128	1	58	192	26	13	291	251	18	99	296	140	344	111	67	250	40	11	16	46	56	447	23	113	19	45	20	706	1521	573	207	162	42	196	18	90	87	80	20	7	61	56	238	590	97	238	27	122	110	41	129	86	70	185	4	226	47	791	33	152	19	97	35	172	56	167	135	1038	89	193	65	96	0	80	83	1005	79	23	207	30	57	75	147	74	235	103	103	312	175	49	39	148	17	8	806	116	44	53	112	26	344	157	67	22
T>A@TTA	162	140	90	305	76	59	180	58	107	50	201	608	167	74	55	224	53	120	114	207	68	86	82	53	61	58	24	37	70	13	68	34	54	81	40	65	54	33	119	70	107	58	66	90	66	21	74	80	57	30	25	36	45	54	66	65	93	31	39	65	65	101	134	25	533	453	528	293	960	103	664	388	235	133	604	216	460	467	291	508	284	345	476	531	467	622	154	353	741	556	555	364	20	494	705	646	393	984	475	361	259	836	527	737	311	192	152	489	277	367	283	1142	136	386	239	296	22	125	432	71	175	554	587	36	188	547	237	924	360	109	512	239	25	74	147	134	730	28	208	40	119	72	1798	1572	1121	417	295	145	472	26	294	246	178	166	11	160	163	517	1221	128	706	50	408	164	113	276	249	130	334	84	413	145	1642	64	328	66	124	80	282	213	350	314	1830	234	577	177	257	8	228	195	1635	217	49	555	96	171	180	370	140	484	155	253	611	394	76	113	395	120	42	1382	290	84	115	220	104	819	263	188	70
T>A@TTC	44	57	21	188	28	39	54	8	38	2	97	225	47	51	13	88	9	17	48	73	15	44	36	47	35	36	17	42	77	8	52	24	27	50	26	57	33	21	94	47	98	46	69	41	57	12	69	42	24	22	14	23	27	25	40	48	59	22	42	36	39	57	99	25	203	150	209	119	413	49	283	180	134	77	238	106	199	204	116	252	123	175	218	167	177	222	45	162	308	252	200	158	14	226	260	281	167	350	186	139	119	282	248	317	177	112	90	225	105	145	116	465	77	238	95	114	13	66	294	30	23	284	324	23	159	389	148	509	247	65	282	52	12	23	79	49	659	8	163	20	38	28	1113	1435	565	245	197	52	243	19	149	130	58	28	5	84	54	323	820	77	271	24	212	83	37	153	141	56	169	22	262	63	1485	15	178	16	66	42	132	76	202	169	2147	119	357	119	94	9	132	113	1519	91	23	315	32	71	142	203	86	282	107	130	467	193	44	32	184	27	13	811	173	61	44	157	49	611	176	117	24
T>A@TTG	67	52	48	226	37	33	91	10	69	12	91	278	44	39	26	110	4	24	30	91	17	31	39	39	33	22	16	17	51	5	34	18	24	43	21	38	35	18	62	30	74	39	28	52	35	9	57	40	27	17	18	12	18	32	35	41	50	23	35	18	33	45	83	16	325	293	247	274	589	82	574	331	146	57	384	159	287	304	167	343	204	293	333	276	331	388	73	220	485	326	360	180	13	383	430	386	260	586	306	175	160	531	416	501	222	153	98	350	170	211	138	792	52	127	60	104	10	52	137	24	23	165	239	13	71	205	57	426	168	43	169	58	9	17	31	55	276	11	63	13	24	20	644	574	375	111	121	28	179	6	90	75	42	18	7	41	42	175	486	67	201	28	115	76	40	92	76	36	118	20	130	65	652	15	122	10	37	8	134	64	120	76	952	79	188	59	58	5	47	81	634	94	10	216	14	53	84	109	52	138	58	76	266	155	35	43	101	22	14	519	88	28	47	68	43	285	106	59	21
T>A@TTT	105	121	77	341	88	75	168	31	93	36	207	584	127	118	48	197	31	89	96	179	45	125	93	107	106	88	43	75	136	21	123	62	101	111	89	134	101	51	296	78	196	128	138	135	126	55	205	135	76	51	30	50	71	89	127	105	167	47	86	108	96	165	250	64	447	333	548	271	932	115	542	309	268	192	497	230	363	478	227	620	255	362	445	408	382	564	103	344	604	574	495	368	20	453	515	617	374	751	365	338	234	718	436	567	369	228	169	389	241	333	249	849	452	1606	516	720	36	305	1915	67	94	2361	2541	28	867	2282	835	3619	1197	321	2162	132	42	58	270	126	5137	38	843	29	82	102	8092	15203	4951	1703	1413	349	1298	24	786	644	403	68	15	628	247	1866	5201	218	1547	127	1022	205	123	755	601	159	1590	51	2024	252	8511	73	1057	41	195	189	807	351	1522	1048	15860	767	1862	470	410	16	710	725	12541	492	25	2015	61	378	802	588	358	1610	697	660	3036	1157	513	124	955	56	36	7912	880	220	329	890	249	3391	1439	533	54
T>C@ATA	625	473	698	1942	395	267	623	84	758	125	598	1416	175	202	210	1132	84	215	143	1004	181	137	454	109	150	102	87	113	193	46	147	103	106	143	113	133	109	154	177	241	189	134	184	175	142	73	194	228	89	97	52	69	105	131	144	123	453	131	152	138	127	164	462	96	1013	1039	958	780	1722	442	1390	588	636	270	1494	667	1039	1037	723	1085	690	940	1147	1364	1140	1273	341	820	1446	1241	1204	734	74	1157	1660	1349	1077	1678	1301	687	629	1762	1471	1236	752	484	405	1000	845	783	834	2743	124	379	227	330	58	163	326	100	108	286	458	53	175	493	288	819	216	147	435	339	67	82	116	139	424	43	150	67	81	63	952	806	1020	251	313	115	393	45	197	223	172	158	23	120	154	330	899	239	833	59	254	238	134	249	280	204	310	97	243	185	894	122	345	69	191	78	289	209	292	238	602	195	383	138	261	42	151	177	560	295	91	629	146	107	134	341	139	462	196	238	508	261	49	193	391	165	76	912	179	149	153	224	103	418	240	153	112
T>C@ATC	75	66	58	370	59	42	85	21	50	31	227	222	84	48	30	310	18	57	60	95	48	47	108	46	55	53	47	57	77	8	60	41	43	67	49	48	60	77	108	143	104	72	56	72	62	30	85	116	36	37	27	32	44	64	72	45	267	34	59	63	72	72	235	32	139	165	162	130	376	97	231	121	120	107	201	111	182	193	99	256	107	143	217	216	175	260	61	168	213	281	188	160	15	199	239	251	154	293	222	135	100	277	205	201	125	92	104	159	134	122	168	322	33	123	85	104	14	59	114	38	49	118	169	27	58	139	110	266	82	41	175	147	23	34	47	53	164	15	70	36	39	31	312	318	367	88	105	40	128	16	64	87	49	69	6	50	60	122	317	98	272	13	99	99	62	88	87	67	101	36	89	45	260	38	95	18	97	26	115	58	96	84	219	68	191	36	108	5	65	41	196	111	36	170	60	59	59	159	41	170	78	86	167	85	19	76	132	71	24	303	57	50	45	60	36	147	70	55	55
T>C@ATG	289	233	318	1127	178	151	257	47	380	73	384	771	119	122	92	634	41	110	88	405	106	98	291	86	116	64	51	94	152	37	91	62	104	92	67	98	67	103	123	152	153	81	118	115	100	45	128	149	61	90	43	36	65	85	106	91	208	84	87	103	88	116	234	75	622	634	588	499	1039	276	840	404	457	205	793	440	618	643	433	682	501	522	668	715	683	808	213	533	1394	731	698	484	49	766	978	846	723	1029	795	417	382	1110	910	770	528	330	258	639	609	598	579	1622	82	237	164	161	28	99	232	54	68	207	315	34	124	329	210	533	153	96	278	170	32	48	69	115	284	20	114	31	54	44	702	525	687	188	164	83	222	24	132	163	109	105	20	69	114	219	622	126	703	45	159	116	84	148	173	98	178	46	155	84	526	63	186	35	140	38	182	117	187	139	409	130	232	76	144	18	107	87	463	142	46	396	73	94	99	194	103	303	103	166	302	189	32	91	290	65	38	670	116	88	74	136	44	306	156	90	63
T>C@ATT	298	248	302	983	197	152	359	92	288	79	474	829	187	200	114	651	56	142	149	372	133	143	321	132	144	116	91	151	233	37	155	109	152	173	115	137	108	169	198	253	226	161	156	178	171	77	212	208	120	96	59	94	120	140	178	123	318	124	138	144	143	224	469	100	496	469	604	399	996	248	672	326	368	300	704	373	559	553	388	605	391	505	595	747	567	693	185	436	745	785	617	508	53	563	825	711	583	843	671	433	302	871	631	611	458	289	284	453	427	368	544	1188	153	543	367	421	40	191	444	101	102	522	767	64	212	668	453	1104	325	144	675	251	44	76	195	175	684	51	251	54	87	101	1563	1311	1521	378	446	176	500	43	252	309	217	124	22	238	184	486	1436	233	747	66	388	235	148	404	359	173	532	73	494	202	1279	125	513	67	239	68	390	239	376	359	953	261	569	151	275	32	213	253	1169	293	80	846	127	148	194	396	178	665	252	314	693	424	79	205	586	136	51	1726	279	212	169	296	113	648	324	234	105
T>C@CTA	185	189	200	660	133	77	229	27	317	20	214	595	84	55	63	325	20	66	66	385	46	53	106	42	48	45	28	40	58	7	48	35	35	51	28	33	35	53	58	101	51	49	54	72	41	22	54	62	32	33	24	36	24	53	53	34	107	38	60	40	46	59	148	28	442	441	419	330	922	152	614	240	248	81	710	266	464	454	284	515	313	409	449	630	509	575	116	422	757	590	527	331	14	529	838	592	448	805	653	288	236	803	613	520	271	229	166	453	368	390	346	1253	115	260	157	184	13	94	280	46	52	267	295	29	133	415	184	574	163	132	353	144	17	47	89	97	389	16	138	20	44	36	870	965	823	288	166	69	284	23	128	129	129	78	3	89	97	241	660	95	646	26	224	120	77	120	177	80	198	45	222	135	840	52	215	30	106	41	195	116	210	217	946	128	361	112	149	17	119	108	834	164	52	368	79	93	134	187	93	341	109	181	340	211	30	76	278	72	24	881	163	75	106	203	71	434	167	119	44
T>C@CTC	56	48	40	263	27	56	108	21	57	18	178	268	73	47	26	156	20	37	78	90	25	38	70	61	58	60	58	63	92	15	92	38	46	106	40	82	56	86	109	181	97	80	103	97	61	21	104	118	53	38	17	43	41	67	58	54	165	47	64	76	61	101	215	37	183	162	184	143	450	56	254	134	121	116	241	119	181	241	107	329	124	226	197	191	230	308	70	225	468	368	190	162	14	264	281	231	202	281	307	135	85	311	252	192	143	130	98	171	217	141	174	371	46	128	108	109	15	83	195	58	60	137	153	38	85	193	129	351	109	85	185	138	29	36	58	100	200	21	134	34	54	24	539	512	453	185	131	60	427	14	90	81	61	61	10	57	108	149	376	173	333	14	150	152	65	87	105	81	109	62	125	59	404	65	129	28	341	38	142	94	114	94	745	67	272	72	115	6	81	54	393	104	58	234	94	83	118	218	70	154	72	100	223	120	20	69	160	76	35	471	121	63	50	116	55	267	101	72	52
T>C@CTG	110	111	109	520	71	65	142	23	155	30	221	388	77	49	37	271	17	43	64	158	39	63	108	31	49	38	35	40	55	16	51	27	31	59	36	48	29	70	54	114	73	44	63	75	50	25	62	48	27	22	16	21	21	66	55	36	78	30	47	39	42	69	115	22	368	392	320	267	709	142	558	247	248	93	527	232	389	356	241	380	294	321	352	462	395	508	112	335	791	504	420	226	23	471	625	477	364	642	486	270	208	718	505	438	253	187	125	352	314	326	275	1010	57	135	78	107	19	67	123	39	60	174	145	32	55	208	115	352	94	51	172	95	19	41	43	105	174	17	97	31	54	20	414	368	546	164	103	45	253	15	58	83	73	68	7	32	59	119	395	90	734	18	115	117	46	73	86	54	101	34	115	83	393	49	151	25	233	40	131	71	116	106	570	95	228	51	94	18	60	56	378	76	38	171	62	60	80	144	54	156	63	58	171	118	16	52	145	48	26	483	74	45	43	97	50	289	101	67	41
T>C@CTT	129	120	99	474	88	116	201	31	145	29	191	551	95	70	41	266	28	57	98	234	35	88	90	59	57	61	32	67	92	11	86	46	46	98	48	60	57	89	89	94	78	87	83	93	70	34	95	96	41	54	24	41	52	68	76	77	121	57	67	63	61	118	184	38	309	305	349	243	778	102	419	177	220	177	537	220	367	485	257	417	228	420	343	458	384	459	89	340	491	512	417	237	21	380	604	425	349	602	446	262	174	505	385	430	258	166	179	291	289	241	323	827	381	1028	516	615	42	293	995	64	82	1064	957	31	509	1652	744	2057	526	319	1183	172	33	45	255	166	2087	44	609	34	63	135	3794	3969	2652	1342	649	200	1778	18	480	426	280	76	15	417	270	1127	2699	141	1329	60	668	181	100	433	564	100	757	69	1108	274	3137	62	759	34	598	137	556	324	855	748	4706	513	1137	368	380	15	454	393	3781	442	61	1365	147	366	392	397	271	1299	504	500	1392	740	130	184	1140	72	66	3947	697	199	236	691	175	1823	587	401	61
T>C@GTA	194	163	215	933	136	108	307	40	273	48	260	544	84	71	53	539	53	105	102	306	70	65	159	39	43	61	40	44	68	14	59	44	43	68	37	49	40	81	76	169	81	63	66	77	57	38	80	89	44	43	21	32	39	69	54	51	377	44	66	53	53	74	434	36	425	499	378	321	758	203	525	245	302	146	553	353	483	441	278	443	340	429	448	617	460	576	146	422	618	578	462	407	35	535	768	614	455	655	606	306	285	793	676	523	309	181	169	420	362	303	441	1088	50	143	92	142	38	89	111	64	70	126	172	39	50	156	102	295	96	78	194	261	27	45	45	97	104	32	68	37	54	42	316	192	400	110	115	64	174	22	77	115	76	98	20	58	99	86	319	127	708	21	105	143	103	103	112	117	101	43	110	63	330	67	125	33	137	47	129	82	125	87	212	82	196	36	119	13	68	57	227	140	44	195	84	67	101	231	63	155	112	85	165	131	31	106	152	113	33	359	72	89	62	96	27	187	100	61	90
T>C@GTC	41	39	38	256	35	36	63	14	37	20	148	144	61	31	32	221	37	31	61	62	29	46	70	36	35	29	41	42	56	8	57	31	32	40	25	43	31	84	62	277	56	46	39	48	39	16	55	54	27	21	26	23	23	69	49	21	289	36	54	44	39	50	293	29	125	113	129	99	239	58	161	76	107	80	136	104	105	157	60	210	98	104	134	168	119	162	69	131	168	198	133	125	15	145	163	162	144	199	193	89	69	194	134	111	86	83	82	140	100	100	162	234	24	71	61	85	15	59	75	65	50	63	82	37	33	95	99	157	52	36	128	184	18	26	34	59	71	15	50	26	32	23	200	125	197	77	99	48	131	22	46	51	40	52	10	24	61	62	190	99	260	10	63	88	69	68	82	60	59	38	58	32	138	43	76	22	156	32	82	52	79	53	101	61	150	29	65	8	40	39	138	75	57	99	69	50	104	167	41	99	105	75	80	68	23	63	78	103	22	191	36	60	28	55	25	108	57	41	72
T>C@GTG	87	84	98	437	77	115	100	21	95	26	158	305	67	54	33	290	21	48	72	121	37	54	99	30	41	46	33	49	58	6	47	25	32	59	41	51	46	71	51	103	75	41	68	64	53	27	74	90	34	29	21	24	24	56	43	34	210	40	40	55	32	64	168	31	279	326	244	211	546	126	402	164	212	118	345	185	277	291	178	385	270	269	316	332	293	473	109	288	1718	380	311	213	19	424	494	383	312	513	417	240	216	513	449	375	305	133	97	349	613	455	265	716	48	118	78	96	16	55	102	58	49	111	149	23	50	196	112	339	78	49	148	136	27	36	42	131	95	26	69	29	44	23	282	205	390	110	72	57	141	16	48	119	66	65	8	27	69	108	286	83	487	23	113	71	55	83	94	83	71	35	90	48	272	40	110	27	109	30	136	64	81	62	153	80	135	38	76	9	47	61	203	95	47	153	58	64	73	166	34	160	65	94	132	113	19	70	137	64	21	371	58	63	50	57	33	160	64	64	43
T>C@GTT	122	103	111	533	91	68	175	40	126	27	187	390	106	84	49	359	45	66	103	172	61	57	155	57	81	63	38	67	144	30	75	52	56	96	55	71	59	88	104	159	82	84	76	93	79	46	86	130	42	51	27	42	53	72	83	71	287	52	90	65	80	112	309	40	265	292	295	187	615	149	345	161	202	141	420	235	329	310	213	365	198	248	342	388	306	431	109	284	415	455	354	338	25	345	496	411	323	427	393	239	177	464	337	403	268	173	164	279	220	252	330	560	537	1935	1356	1057	166	365	1266	106	114	1987	2220	43	482	2677	1815	4788	1344	252	2134	221	54	74	520	544	1552	268	521	51	98	294	5595	2090	5480	1879	1019	461	1239	54	643	946	813	82	61	747	777	2479	3887	132	1651	207	1678	340	220	1032	1425	98	1601	91	1651	564	4657	74	1714	47	214	152	1238	836	1379	1072	2723	645	1608	407	794	42	585	999	5415	1066	56	1964	101	354	392	694	499	3033	840	1106	1561	1850	188	550	3394	138	114	10468	625	622	641	830	240	2313	1274	772	242
T>C@TTA	255	216	291	825	165	127	330	42	305	41	334	691	92	106	72	474	40	98	100	439	70	90	202	50	63	56	45	66	57	14	79	48	67	101	50	46	58	85	81	158	102	72	57	118	78	33	76	83	49	41	30	31	56	78	60	49	169	61	74	61	57	69	214	31	446	480	437	329	794	190	573	265	300	137	608	338	540	524	315	526	330	433	511	656	515	608	172	484	660	827	515	455	40	514	1043	692	487	781	628	339	267	758	794	574	302	226	162	396	375	357	464	1169	402	1019	677	613	37	257	1019	82	83	1155	1225	39	510	1330	852	2394	816	290	1424	234	29	52	342	198	1375	48	410	42	82	181	4199	3232	3230	989	675	257	941	35	468	594	312	79	22	473	354	1026	2368	167	1469	88	922	203	109	594	668	118	707	42	890	372	3018	95	775	49	144	125	568	541	697	742	3241	453	1478	396	428	26	407	453	3589	621	77	1000	94	294	368	469	238	1321	396	456	994	802	140	251	1390	137	51	3770	607	240	295	705	196	1561	640	470	67
T>C@TTC	96	59	50	236	43	38	111	23	51	28	173	209	97	55	28	200	25	41	80	105	42	55	79	69	59	60	57	54	82	11	77	42	66	87	51	70	61	97	96	242	109	67	86	101	57	40	107	104	37	43	35	33	49	91	73	63	182	56	61	53	63	91	208	32	135	155	162	116	378	74	207	102	138	110	158	107	167	194	126	268	106	175	189	207	198	256	59	209	217	339	180	171	17	205	268	238	194	271	278	142	95	234	220	176	126	118	98	129	124	112	192	348	152	355	209	211	23	135	414	114	89	361	421	45	165	456	278	831	342	154	528	212	40	53	112	107	582	18	197	30	67	53	1419	1536	908	381	272	123	424	15	174	176	126	126	6	136	153	374	906	179	622	37	337	183	95	192	253	123	235	55	341	122	1193	72	271	36	198	79	229	167	284	266	2055	193	582	140	200	6	130	120	1532	207	93	456	109	143	196	312	94	465	201	224	423	298	60	136	389	143	40	1251	213	129	112	255	79	646	289	154	94
T>C@TTG	124	72	137	420	73	113	128	21	111	30	149	271	50	54	27	228	20	54	64	163	27	75	115	28	35	34	24	42	52	11	44	37	37	38	27	27	23	53	62	109	78	35	45	77	44	17	41	64	23	29	12	17	25	62	58	30	73	34	42	50	35	64	111	25	205	279	260	181	419	125	324	135	196	105	252	169	253	260	173	341	216	292	300	300	344	475	96	290	2411	355	264	236	28	417	527	377	257	454	347	236	245	475	357	318	317	148	89	234	712	575	220	630	147	341	264	222	7	113	351	39	55	391	433	19	191	490	298	1066	420	116	443	88	17	26	118	188	454	23	189	29	43	56	1669	1088	1033	348	212	86	310	25	167	281	114	39	10	115	123	420	849	85	791	33	328	93	40	205	264	59	261	26	256	165	1136	55	278	18	112	64	223	148	292	236	1560	190	574	130	167	9	144	119	1304	265	49	445	56	97	144	204	119	487	110	215	329	275	49	108	521	48	15	1593	228	84	102	281	79	679	220	142	30
T>C@TTT	154	163	147	517	133	88	247	45	147	50	240	503	133	118	58	333	36	86	118	208	70	101	178	96	105	72	54	110	118	27	121	64	82	129	79	88	79	105	138	184	134	99	123	152	91	48	131	122	68	69	42	45	73	102	120	77	182	87	109	108	92	147	274	65	328	320	419	250	708	170	378	176	268	162	461	240	398	334	241	436	224	292	386	542	417	500	121	351	467	570	437	368	30	369	657	491	339	534	497	319	223	535	427	417	287	209	206	276	246	265	403	758	307	682	349	388	38	196	945	100	104	923	1135	51	377	974	430	2130	903	198	1001	251	31	72	167	159	1754	39	389	40	103	87	3543	4928	2201	872	557	209	736	34	357	328	251	107	26	284	247	829	2022	194	1258	65	582	230	134	348	378	123	487	62	760	256	2985	109	618	40	229	118	427	283	632	504	7152	536	1191	286	312	20	315	332	4928	343	98	1101	126	209	405	426	221	832	304	403	1210	599	187	190	741	164	48	3365	453	204	208	461	138	1554	507	320	98
T>G@ATA	35	23	23	172	28	16	59	9	25	10	113	145	41	35	16	113	9	21	30	57	26	34	37	34	32	19	19	27	41	10	57	17	40	39	26	54	11	20	64	62	48	46	41	39	31	19	38	43	29	15	12	21	25	27	31	41	42	45	29	37	21	42	97	21	93	123	110	80	223	41	153	99	86	50	141	69	151	140	78	146	73	112	128	200	127	175	30	97	205	321	132	91	10	135	174	148	111	239	155	89	53	174	228	121	97	68	56	99	79	77	94	255	58	180	79	154	13	59	212	38	40	194	255	17	93	261	190	351	108	67	294	133	6	17	38	57	382	14	87	14	35	35	617	1255	582	173	143	154	187	11	82	104	52	35	1	63	67	157	484	63	187	20	133	66	106	122	120	42	166	27	184	62	600	46	156	20	57	30	115	72	162	141	689	103	319	45	88	5	76	54	635	106	31	279	35	76	73	146	54	215	104	94	270	163	47	65	188	70	15	544	107	66	58	108	28	248	139	74	36
T>G@ATC	13	9	13	68	17	7	28	1	9	3	57	52	15	14	4	41	3	18	20	22	9	24	29	9	7	10	3	12	8	2	8	16	11	19	14	20	12	5	14	15	19	7	6	12	6	6	16	17	11	16	3	2	2	8	8	13	21	8	11	9	22	13	28	3	31	32	51	26	75	19	50	33	47	35	38	18	41	61	22	52	24	32	58	51	45	56	17	36	53	49	45	40	6	49	41	56	34	50	50	44	17	58	40	44	47	22	27	28	17	19	34	64	50	129	75	65	4	41	140	20	21	89	157	7	59	134	155	211	75	25	132	31	5	6	34	21	287	2	48	6	10	32	401	342	270	117	69	37	174	9	51	38	32	11	0	37	27	111	338	19	89	14	75	25	29	69	74	25	71	15	108	22	381	7	94	8	70	15	51	34	73	70	436	54	147	27	73	0	43	47	368	63	9	178	7	47	44	82	24	121	64	63	164	100	18	71	117	35	17	187	80	48	16	69	14	207	63	65	10
T>G@ATG	13	1	15	140	8	7	19	0	11	0	73	123	21	33	10	70	0	0	13	41	0	2	32	24	5	13	0	33	6	11	19	8	25	11	15	7	9	15	25	30	16	14	14	14	16	0	17	16	12	8	14	4	15	0	20	17	30	21	12	23	18	17	9	13	81	67	119	59	213	30	139	64	44	27	135	47	82	103	39	144	68	89	112	94	101	128	12	108	127	154	135	71	1	118	144	121	82	185	136	71	73	175	105	155	69	64	58	79	43	57	48	209	32	226	164	236	21	101	503	60	53	188	380	23	62	246	418	701	127	38	234	70	17	47	58	287	393	127	112	23	61	76	581	534	578	153	153	63	275	5	77	113	110	39	20	74	102	157	545	61	73	23	134	118	126	131	146	45	309	25	229	84	407	45	319	23	59	25	139	239	112	107	371	154	146	45	68	12	68	69	400	233	17	693	18	86	127	100	69	229	148	122	418	201	32	181	247	8	52	319	56	138	120	120	31	177	224	107	101
T>G@ATT	72	42	38	211	38	44	67	18	43	28	218	163	41	59	17	201	15	45	52	69	50	43	116	27	29	23	8	22	26	7	27	9	29	37	21	23	10	30	48	43	42	31	25	32	41	18	37	51	19	13	16	17	22	21	31	25	63	23	25	39	24	40	86	20	60	83	110	56	244	40	134	57	132	72	91	88	118	156	59	126	66	99	114	152	113	114	28	71	127	122	102	126	11	92	101	150	98	145	107	80	75	129	127	114	99	54	75	65	73	71	99	120	56	170	98	179	16	83	249	26	34	227	309	17	77	234	130	450	112	70	264	94	16	25	46	51	322	10	163	25	34	28	644	812	651	264	178	64	658	7	107	126	73	52	5	62	52	194	597	46	289	18	185	87	46	114	93	61	158	26	172	71	696	41	188	21	517	45	147	77	122	106	625	80	268	62	85	7	80	98	714	126	30	315	56	70	126	138	72	218	99	117	317	179	35	73	178	35	19	543	113	50	47	137	37	287	128	76	23
T>G@CTA	34	24	19	181	24	15	43	4	6	8	132	121	36	30	3	107	9	15	22	46	13	12	31	14	17	8	4	17	24	0	13	4	9	12	7	12	5	4	16	15	16	5	9	10	18	2	15	17	7	7	3	6	5	8	11	14	27	7	13	12	6	17	25	9	71	71	85	64	199	38	103	68	68	41	148	47	94	98	37	110	57	79	81	113	89	149	34	67	154	143	120	70	1	104	164	124	76	181	100	85	57	128	105	100	63	57	33	64	66	69	44	182	19	65	39	58	7	27	80	23	39	58	99	8	28	60	61	128	49	25	60	46	7	12	14	36	102	8	42	9	18	9	196	237	187	63	48	29	79	3	31	37	22	34	4	15	33	59	179	40	69	11	50	41	35	49	48	24	49	28	56	13	328	28	42	13	56	10	51	30	38	44	193	30	112	23	28	1	31	41	220	32	11	105	20	27	47	69	21	82	45	58	119	53	12	27	63	20	5	150	44	20	23	36	12	115	35	30	17
T>G@CTC	6	15	11	122	6	21	28	9	8	11	81	82	19	24	14	102	2	6	29	20	15	21	38	13	0	9	0	14	16	0	12	11	9	16	7	9	3	21	16	24	14	15	11	19	21	4	18	19	13	7	8	8	10	12	14	14	29	11	15	18	20	12	13	3	53	58	65	47	177	28	71	44	48	47	68	36	66	104	27	93	36	89	85	60	64	94	23	59	109	109	80	56	0	43	81	84	76	94	79	49	27	101	66	59	46	48	38	65	44	48	45	128	17	57	41	57	7	32	118	15	6	50	123	13	57	87	66	162	87	17	92	40	9	9	21	23	249	3	115	8	15	10	361	509	201	111	85	39	234	6	87	38	21	9	0	24	31	106	282	41	115	12	80	37	11	68	57	30	57	16	89	25	500	18	55	11	274	14	57	16	61	42	588	56	206	42	46	1	41	42	545	46	6	218	29	44	108	66	22	89	32	64	238	78	17	43	68	16	9	175	55	24	16	40	13	187	41	49	1
T>G@CTG	24	27	0	153	38	0	16	0	12	0	89	166	17	0	19	118	0	0	9	28	0	0	30	0	0	0	0	0	8	6	0	0	0	2	0	8	17	8	25	24	0	0	0	1	0	0	0	0	10	0	7	0	0	12	6	16	0	12	0	0	0	0	0	0	130	141	107	92	379	28	251	114	90	73	255	78	136	179	78	219	103	110	126	140	180	160	1	108	196	206	204	60	0	180	214	135	114	311	183	98	41	250	175	197	86	68	48	152	72	110	74	378	27	119	109	158	30	46	450	38	52	86	256	13	43	132	113	672	96	10	98	78	13	23	13	119	348	32	66	0	38	33	366	654	439	103	128	73	225	19	40	49	81	43	21	22	56	114	599	41	7	25	66	89	47	67	62	9	189	29	179	58	416	56	163	7	153	31	104	62	85	31	422	146	161	0	51	0	25	71	427	163	0	664	32	39	200	95	50	129	89	77	430	140	21	82	106	28	8	230	51	79	22	60	30	178	157	55	33
T>G@CTT	67	39	22	319	42	95	50	10	22	29	256	329	57	30	10	334	21	38	147	111	23	88	85	16	24	18	10	22	26	8	19	16	18	22	2	7	27	15	37	41	16	28	16	30	39	15	25	24	23	14	10	24	8	25	26	25	38	20	5	16	24	36	41	9	115	88	150	90	309	51	175	76	110	117	179	90	115	394	54	153	71	286	154	132	140	170	27	128	150	211	151	134	1	130	203	150	142	184	131	110	57	159	174	120	102	70	50	117	173	84	125	232	71	164	111	318	11	119	415	35	50	154	307	47	104	207	109	458	186	50	210	167	14	35	45	45	690	17	795	15	59	47	749	1714	450	654	276	76	3147	11	118	129	67	57	1	48	83	226	762	107	265	23	153	140	53	103	120	80	139	65	202	69	998	62	124	28	2899	100	195	55	135	105	1459	142	351	51	73	5	138	121	1781	113	16	734	188	79	296	154	97	255	83	173	725	223	34	118	120	30	87	484	107	53	40	160	42	444	209	117	45
T>G@GTA	18	16	11	119	9	12	26	5	5	1	59	90	22	18	6	52	5	12	17	21	0	17	16	13	9	7	4	6	19	1	17	4	5	6	3	13	6	12	16	21	15	11	16	9	7	1	12	9	6	7	4	1	8	11	7	10	20	1	0	8	9	2	9	3	41	43	61	42	139	13	65	31	40	39	92	19	53	59	25	71	41	31	61	77	49	67	18	45	80	94	80	29	7	65	93	75	79	116	61	28	20	114	56	61	38	32	23	42	41	35	37	120	21	59	25	46	9	14	76	9	14	42	74	8	21	67	56	108	36	17	62	33	0	13	19	22	103	8	29	6	17	14	145	245	137	41	34	22	57	1	29	32	12	16	4	19	29	52	105	26	53	8	28	33	25	29	43	17	57	12	36	19	212	20	45	2	28	9	28	30	31	30	171	27	85	14	32	0	26	26	134	36	12	98	14	29	33	55	18	54	25	24	67	48	3	46	43	11	14	99	15	24	24	21	11	74	47	19	19
T>G@GTC	0	0	0	50	0	1	0	12	0	0	0	39	0	7	0	14	2	0	0	0	0	0	8	0	0	33	0	0	0	0	0	3	0	0	0	0	0	6	0	19	0	0	0	0	0	0	0	0	0	6	0	0	0	0	0	0	4	0	0	0	0	0	0	0	9	10	10	21	15	8	45	12	30	22	22	13	27	9	0	33	0	12	21	39	15	37	2	23	0	41	28	14	4	22	28	9	0	23	23	24	10	19	22	15	1	21	0	0	22	23	13	33	0	43	24	17	3	0	65	0	0	21	58	4	19	46	56	86	31	0	56	43	2	5	0	10	97	0	46	0	3	10	164	184	82	35	27	13	92	20	23	19	16	4	0	10	13	37	121	0	0	0	25	0	9	8	0	2	20	0	43	20	157	20	57	0	70	6	0	33	30	15	183	0	55	0	11	9	11	23	163	0	3	74	0	26	0	28	0	49	13	35	89	51	0	17	37	16	5	63	20	26	12	29	0	71	29	24	0
T>G@GTG	8	7	11	109	4	0	19	0	16	0	23	134	35	20	7	54	0	0	3	26	0	24	4	0	2	9	0	15	5	0	0	0	0	7	0	4	5	8	16	16	0	0	0	0	13	4	1	0	15	7	0	0	19	0	0	40	0	0	1	5	2	0	0	0	82	108	131	103	271	18	164	60	65	48	168	53	63	94	62	131	56	105	53	97	71	152	13	76	238	164	132	50	0	127	124	135	106	193	135	84	65	170	117	90	73	67	16	129	67	114	36	216	78	371	255	296	32	113	668	47	62	166	454	6	119	247	741	1018	156	47	333	72	11	31	92	338	560	142	138	28	61	89	648	514	601	169	157	123	346	27	95	125	178	40	61	81	116	242	626	47	48	39	140	109	81	263	261	15	381	28	252	111	420	55	526	13	69	34	183	355	108	127	380	193	220	63	61	21	98	148	412	299	19	1168	33	75	197	165	58	305	261	191	468	237	15	355	331	10	47	320	88	319	102	131	40	192	432	88	106
T>G@GTT	35	26	18	133	30	37	19	13	13	13	80	152	39	20	8	151	11	27	66	51	13	49	26	15	11	17	4	12	31	1	19	14	12	16	4	34	14	11	32	51	28	22	12	11	19	6	17	23	18	5	14	12	9	18	13	20	26	11	19	12	15	25	59	2	54	65	72	48	182	28	110	52	65	84	66	54	57	164	32	93	46	118	78	68	79	118	21	60	76	127	104	65	8	81	99	98	87	108	85	53	32	85	84	71	66	56	53	60	81	52	59	126	109	354	206	267	19	108	463	24	31	327	455	14	201	497	307	668	193	91	384	87	8	36	107	55	883	8	330	14	18	52	1219	1250	838	473	269	90	1090	8	176	169	91	31	9	157	102	390	1026	52	411	17	222	85	19	215	205	52	297	32	439	73	1021	32	236	11	734	45	176	125	271	231	1430	121	382	116	146	2	184	143	1381	148	44	666	65	115	162	184	103	411	238	241	618	270	45	141	361	12	32	887	208	76	66	223	50	578	249	153	37
T>G@TTA	44	59	27	233	29	22	56	3	30	9	190	201	53	27	2	182	11	18	38	44	16	33	63	14	20	17	4	32	29	0	35	13	16	41	19	22	28	13	29	51	24	24	21	32	24	11	30	26	23	11	6	16	7	14	18	24	31	19	19	18	16	33	54	17	117	131	184	105	301	60	132	76	91	53	140	103	119	183	77	204	94	131	149	201	173	233	54	150	205	410	128	146	2	107	238	187	144	272	172	98	72	205	259	153	98	93	77	127	82	115	127	288	61	173	107	143	20	57	315	24	27	188	386	18	97	198	157	464	148	49	283	156	11	12	51	54	476	1	121	21	30	45	794	1311	639	197	232	229	215	4	140	106	37	38	13	81	78	256	779	61	189	12	164	66	81	125	100	72	186	26	158	54	853	53	141	14	73	32	109	68	165	122	1042	103	408	71	91	13	85	104	1307	106	22	384	20	119	241	172	60	213	90	107	373	171	25	88	125	51	18	593	104	44	44	103	36	359	145	88	23
T>G@TTC	32	19	4	133	24	17	30	0	5	7	112	79	41	23	1	91	7	3	14	18	12	13	31	11	5	12	24	14	3	0	18	13	6	12	19	12	14	10	21	24	13	11	11	14	17	3	10	29	9	3	5	0	3	16	22	13	19	14	21	14	4	31	40	8	59	51	75	30	150	30	65	40	75	49	70	63	71	95	52	83	47	52	80	94	82	91	22	83	71	113	71	64	3	79	97	107	79	102	86	36	37	79	84	60	52	62	36	56	41	39	81	78	51	140	68	74	0	45	295	18	16	144	239	14	98	150	120	359	178	39	161	38	11	6	41	25	453	6	109	3	6	18	621	1240	426	149	158	39	211	0	102	67	25	21	0	64	27	201	682	50	130	12	104	45	7	100	88	29	107	28	138	46	784	33	112	0	102	7	73	58	101	78	1314	116	279	46	63	7	77	78	1173	75	9	425	17	31	239	129	28	148	59	87	394	121	26	64	89	21	15	374	104	30	23	66	19	306	107	64	12
T>G@TTG	18	14	0	211	0	0	36	8	11	4	95	135	12	50	0	72	0	11	15	40	0	16	32	4	1	0	19	2	8	23	0	0	0	0	3	18	0	19	2	11	0	0	11	0	0	8	17	0	0	31	0	4	1	52	0	29	13	0	1	7	0	0	0	0	105	98	121	107	344	37	209	81	94	58	182	72	109	153	64	166	96	111	127	172	136	184	30	124	156	281	149	88	21	145	202	196	153	267	185	123	65	216	163	174	72	64	66	118	68	77	86	307	40	144	78	116	14	29	409	45	58	144	310	0	82	162	96	615	121	37	171	51	3	21	37	62	363	35	97	10	34	32	553	1021	596	103	154	77	189	31	65	77	67	21	14	43	57	158	611	75	1	44	65	81	26	85	80	68	162	26	164	47	555	53	125	15	95	28	114	75	114	104	737	116	211	48	62	16	68	69	723	111	25	513	5	52	213	135	34	151	64	86	349	142	37	63	100	35	22	385	76	38	44	79	5	187	141	82	26
T>G@TTT	103	93	72	468	50	103	78	36	32	40	398	380	111	98	29	356	28	80	148	142	55	103	154	34	54	29	24	45	54	12	57	35	51	73	35	52	38	45	80	109	53	45	65	70	58	33	69	88	29	29	19	21	31	67	66	46	84	34	51	46	40	77	142	26	193	183	263	149	434	101	273	145	197	173	250	144	226	340	133	264	126	225	225	283	205	304	80	185	309	382	251	246	19	194	275	320	221	367	218	199	137	293	294	219	226	158	160	183	179	164	217	348	145	410	227	390	18	159	984	93	100	524	1080	49	250	527	261	1301	471	111	537	170	7	60	132	98	1508	17	454	35	66	60	2198	4129	1430	560	492	212	1270	20	335	225	133	118	8	167	138	714	2071	141	546	54	331	170	80	292	230	116	357	80	487	98	2265	108	334	42	1109	73	299	143	335	212	3994	310	784	165	189	9	230	257	4262	246	34	1252	137	136	799	359	130	479	222	269	1164	455	64	207	272	74	51	1440	290	88	89	272	95	907	353	227	43
