Bladder-TCC::SP1086,Bladder-TCC::SP1003,Bladder-TCC::SP1677,Bladder-TCC::SP1305,Bladder-TCC::SP963,Bladder-TCC::SP1144,Bladder-TCC::SP1132,Bladder-TCC::SP1712,Bladder-TCC::SP1114,Bladder-TCC::SP1431,Bladder-TCC::SP975,Bladder-TCC::SP1059,Bladder-TCC::SP1419,Bladder-TCC::SP1009,Bladder-TCC::SP1724,Bladder-TCC::SP96136,Bladder-TCC::SP967,Bladder-TCC::SP1781,Bladder-TCC::SP1174,Bladder-TCC::SP953,Bladder-TCC::SP1377,Bladder-TCC::SP1365,Bladder-TCC::SP1491,CNS-GBM::SP24708,CNS-GBM::SP24301,CNS-GBM::SP27201,CNS-GBM::SP28791,CNS-GBM::SP23739,CNS-GBM::SP24702,CNS-GBM::SP25332,CNS-GBM::SP28335,CNS-GBM::SP26709,CNS-GBM::SP25350,CNS-GBM::SP25380,CNS-GBM::SP24565,CNS-GBM::SP25833,CNS-GBM::SP25905,CNS-GBM::SP26439,CNS-GBM::SP24236,CNS-GBM::SP23925,CNS-GBM::SP24815,CNS-GBM::SP27957,CNS-GBM::SP27603,CNS-GBM::SP27825,CNS-GBM::SP24135,CNS-GBM::SP26499,CNS-GBM::SP25518,CNS-GBM::SP28659,CNS-GBM::SP23622,CNS-GBM::SP27939,CNS-GBM::SP23754,CNS-GBM::SP29697,CNS-GBM::SP27339,CNS-GBM::SP29559,CNS-GBM::SP29331,CNS-GBM::SP26475,CNS-GBM::SP23775,CNS-GBM::SP28275,CNS-GBM::SP28581,CNS-GBM::SP23639,CNS-GBM::SP24391,CNS-GBM::SP28041,CNS-GBM::SP25494,CNS-GBM::SP26649,Lung-SCC::SP56638,Lung-SCC::SP56537,Lung-SCC::SP57586,Lung-SCC::SP56541,Lung-SCC::SP56553,Lung-SCC::SP56771,Lung-SCC::SP57941,Lung-SCC::SP57818,Lung-SCC::SP56460,Lung-SCC::SP56474,Lung-SCC::SP56704,Lung-SCC::SP56533,Lung-SCC::SP56730,Lung-SCC::SP59245,Lung-SCC::SP57024,Lung-SCC::SP57933,Lung-SCC::SP56754,Lung-SCC::SP56827,Lung-SCC::SP57084,Lung-SCC::SP57538,Lung-SCC::SP57735,Lung-SCC::SP57669,Lung-SCC::SP56566,Lung-SCC::SP56569,Lung-SCC::SP58342,Lung-SCC::SP58349,Lung-SCC::SP56644,Lung-SCC::SP57629,Lung-SCC::SP56941,Lung-SCC::SP57619,Lung-SCC::SP58245,Lung-SCC::SP57251,Lung-SCC::SP56502,Lung-SCC::SP58668,Lung-SCC::SP58101,Lung-SCC::SP58991,Lung-SCC::SP56607,Lung-SCC::SP58326,Lung-SCC::SP57267,Lung-SCC::SP57066,Lung-SCC::SP57901,Lung-SCC::SP57651,Lung-SCC::SP57450,Lung-SCC::SP57846,Lung-SCC::SP58612,Lung-SCC::SP56821,Lung-SCC::SP58882,Lung-SCC::SP57189,Skin-Melanoma::SP124389,Skin-Melanoma::SP124362,Skin-Melanoma::SP124394,Skin-Melanoma::SP124334,Skin-Melanoma::SP124339,Skin-Melanoma::SP124454,Skin-Melanoma::SP124380,Skin-Melanoma::SP124273,Skin-Melanoma::SP124357,Skin-Melanoma::SP124399,Skin-Melanoma::SP124311,Skin-Melanoma::SP124355,Skin-Melanoma::SP124434,Skin-Melanoma::SP124428,Skin-Melanoma::SP124449,Skin-Melanoma::SP124298,Skin-Melanoma::SP124431,Skin-Melanoma::SP124396,Skin-Melanoma::SP124409,Skin-Melanoma::SP124341,Skin-Melanoma::SP124353,Skin-Melanoma::SP124278,Skin-Melanoma::SP124376,Skin-Melanoma::SP124346,Skin-Melanoma::SP124439,Skin-Melanoma::SP124351,Skin-Melanoma::SP124406,Skin-Melanoma::SP124323,Skin-Melanoma::SP124391,Skin-Melanoma::SP124423,Skin-Melanoma::SP124382,Skin-Melanoma::SP124415,Skin-Melanoma::SP124436,Skin-Melanoma::SP124460,Skin-Melanoma::SP124425,Skin-Melanoma::SP124456,Skin-Melanoma::SP124367,Skin-Melanoma::SP124281,Skin-Melanoma::SP124377,Skin-Melanoma::SP124412,Skin-Melanoma::SP124333,Skin-Melanoma::SP124359,Skin-Melanoma::SP124286,Skin-Melanoma::SP124329,Skin-Melanoma::SP124326,Skin-Melanoma::SP124458,Skin-Melanoma::SP124401,Skin-Melanoma::SP124264,Skin-Melanoma::SP124384,Skin-Melanoma::SP124403,Skin-Melanoma::SP124462,Skin-Melanoma::SP124271,Skin-Melanoma::SP124336,Skin-Melanoma::SP124452,Skin-Melanoma::SP124386,Skin-Melanoma::SP124441,Skin-Melanoma::SP124418,Skin-Melanoma::SP124291,Skin-Melanoma::SP124319,Skin-Melanoma::SP124305,Skin-Melanoma::SP124447,Skin-Melanoma::SP124344,Skin-Melanoma::SP124369,Skin-Melanoma::SP124348,Skin-Melanoma::SP124295,Skin-Melanoma::SP124444,Skin-Melanoma::SP124365,Skin-Melanoma::SP124420,Skin-Melanoma::SP124364,Skin-Melanoma::SP124307,Skin-Melanoma::SP82445,Skin-Melanoma::SP83242,Skin-Melanoma::SP103894,Skin-Melanoma::SP83382,Skin-Melanoma::SP82451,Skin-Melanoma::SP104330,Skin-Melanoma::SP83312,Skin-Melanoma::SP82614,Skin-Melanoma::SP82431,Skin-Melanoma::SP82459,Skin-Melanoma::SP113197,Skin-Melanoma::SP82532,Skin-Melanoma::SP82636,Skin-Melanoma::SP82796,Skin-Melanoma::SP83482,Skin-Melanoma::SP104530,Skin-Melanoma::SP82429,Skin-Melanoma::SP82644,Skin-Melanoma::SP82988,Skin-Melanoma::SP82461,Skin-Melanoma::SP82900,Skin-Melanoma::SP82399,Skin-Melanoma::SP82756,Skin-Melanoma::SP82836,Skin-Melanoma::SP82417,Skin-Melanoma::SP82471,Skin-Melanoma::SP82435,Skin-Melanoma::SP104056,Skin-Melanoma::SP83083,Skin-Melanoma::SP82433,Skin-Melanoma::SP82780,Skin-Melanoma::SP83019,Skin-Melanoma::SP83099,Skin-Melanoma::SP83146,Skin-Melanoma::SP103866,Skin-Melanoma::SP83844,Skin-Melanoma::SP83027
199,203,160,568,115,141,505,67,152,71,272,885,191,236,88,270,60,160,199,287,62,177,119,159,111,122,64,105,167,39,150,90,128,130,115,143,113,75,214,112,224,161,165,157,128,63,181,129,97,72,44,66,96,97,147,135,164,68,96,108,136,185,192,82,1405,1678,1165,1629,2104,314,3503,2398,841,311,1852,716,1204,1552,790,1900,1079,1750,1310,1101,1434,1798,422,1149,2181,1581,1624,961,66,2279,2117,1640,1486,1976,1222,832,693,2776,1975,1915,911,458,436,1162,879,1025,522,4561,81,205,95,203,36,118,209,120,104,201,168,51,134,331,175,635,197,113,227,160,52,83,58,313,255,53,150,64,113,54,914,840,813,164,202,61,212,33,79,143,106,105,25,56,124,218,698,286,243,30,144,316,147,115,123,236,190,73,197,115,504,71,175,81,148,42,191,90,233,157,774,294,191,95,177,20,94,100,491,131,50,493,87,93,161,365,116,229,79,116,318,178,56,91,178,99,37,521,115,77,51,106,50,267,115,79,55
114,110,100,389,73,84,431,53,126,51,148,487,150,123,57,206,45,86,97,176,35,148,80,128,95,98,52,80,145,29,118,70,93,102,80,142,118,57,219,91,217,117,137,116,89,46,153,120,85,66,40,41,69,79,118,115,132,64,68,99,89,182,212,56,759,789,621,807,1254,148,1932,1272,397,191,1079,312,560,833,390,1078,528,917,723,534,660,989,202,552,1199,852,835,395,43,1152,1033,876,754,1085,607,379,348,1468,989,1090,503,246,228,714,481,561,245,2358,33,106,50,101,21,75,91,86,63,116,89,42,94,194,102,201,88,67,155,91,26,49,40,119,125,40,61,41,93,23,351,410,385,87,88,42,136,41,55,88,62,69,16,40,89,113,367,236,150,24,84,218,110,53,84,138,112,43,81,76,243,54,67,50,109,46,134,54,198,90,341,96,149,51,107,14,44,48,223,66,40,167,65,71,100,253,78,121,61,83,146,97,26,54,141,67,38,298,58,60,53,75,44,167,77,45,56
37,38,48,96,44,24,52,8,43,9,39,146,19,15,15,53,10,18,20,70,11,16,23,15,23,17,8,11,20,2,19,10,15,18,15,17,14,6,37,11,28,16,22,13,16,4,17,16,8,8,3,4,5,6,17,14,18,8,8,7,18,22,25,8,349,370,259,343,472,70,750,514,119,49,459,193,216,363,173,397,194,432,315,257,269,403,79,253,540,299,377,193,11,385,430,343,348,408,263,176,157,607,484,463,185,119,84,341,216,232,103,1005,7,23,10,27,4,8,15,7,7,19,18,5,13,36,13,52,18,9,20,17,6,7,10,18,23,2,17,6,12,5,79,47,66,16,21,6,26,5,4,13,15,5,4,8,18,21,69,28,22,6,26,30,12,8,14,22,18,9,13,11,44,10,16,5,15,2,29,11,25,24,56,23,20,9,20,0,10,5,45,15,5,28,12,6,11,42,16,27,11,6,25,28,6,5,14,14,7,69,13,13,11,12,5,36,16,8,7
120,129,106,373,53,65,276,29,94,33,176,606,145,124,43,155,35,80,120,178,39,115,79,106,106,110,55,99,146,12,137,71,102,139,81,148,125,84,276,99,243,157,143,124,106,38,198,126,85,53,30,56,69,94,101,111,152,62,64,88,102,193,221,54,848,1081,696,996,1270,174,2361,1543,441,193,1066,431,641,1024,452,1281,697,1265,858,611,966,1181,285,681,1406,1008,1060,533,32,1544,1383,1054,918,1180,748,523,412,1702,1214,1225,617,292,263,744,478,650,318,2787,54,130,52,110,13,66,138,59,55,141,115,37,111,239,100,271,85,77,170,121,34,46,37,133,224,19,103,38,71,37,457,487,394,126,110,45,199,39,65,102,62,59,13,48,75,156,475,217,244,23,118,221,100,75,105,161,123,42,118,73,444,40,112,44,114,28,159,58,149,117,472,136,150,68,112,9,91,63,320,80,39,173,55,81,87,276,84,151,51,82,217,97,28,54,145,45,27,392,76,69,38,81,35,232,69,62,49
188,200,171,459,126,131,333,54,208,40,206,967,142,150,90,253,36,155,203,337,75,128,141,86,103,88,35,68,99,28,125,48,95,111,67,108,116,55,186,88,186,105,101,99,92,37,175,118,69,51,29,56,57,79,101,100,129,57,73,69,88,149,214,59,1566,1660,1399,1695,2829,279,4010,2778,789,212,2336,689,1359,1755,767,2032,1034,2046,1445,1219,1567,2017,460,1291,2589,1531,1843,1020,45,2473,2251,1521,1621,2411,1358,956,675,3214,2118,2552,992,496,497,1540,940,1303,482,5356,199,451,174,305,80,448,310,144,119,299,440,77,459,445,448,556,678,815,374,276,151,247,152,487,503,117,1105,868,315,166,1084,1995,1568,435,274,91,286,772,237,1896,145,176,96,115,646,573,990,365,622,49,258,304,556,212,212,422,977,61,221,215,754,86,240,194,1092,234,351,130,427,416,1046,2469,323,130,783,25,305,223,593,187,106,597,281,111,254,636,986,353,169,292,536,489,176,193,354,172,207,647,157,178,194,307,391,383,210,207,130
132,152,127,358,86,128,296,15,160,46,143,744,116,96,84,247,36,124,85,212,53,90,61,88,79,68,26,63,105,8,136,50,80,95,49,126,117,38,171,63,176,119,109,105,92,57,141,111,59,37,21,41,51,62,85,101,106,75,65,73,77,148,211,60,1275,1210,1035,1437,2316,202,3427,2423,490,167,1927,502,961,1511,588,1650,729,1605,1071,895,1190,1716,308,888,2039,1290,1334,428,16,1946,1557,1143,1252,1933,1015,615,482,2470,1521,2040,600,379,298,1352,700,985,334,4331,48,121,52,105,17,97,143,83,59,113,130,40,137,230,132,254,173,177,164,150,51,56,56,103,250,32,221,119,79,43,452,753,524,109,120,35,150,100,76,313,58,71,21,52,136,179,483,206,602,24,115,186,97,80,89,137,173,51,112,85,426,47,101,51,234,60,141,51,148,114,839,386,152,35,186,6,92,71,374,62,47,215,92,67,112,278,151,148,74,96,231,125,52,72,123,70,39,282,83,72,53,84,84,225,84,81,54
45,51,55,90,43,41,58,5,53,7,34,181,16,27,19,48,3,32,26,71,13,20,29,10,10,6,3,5,10,1,9,6,5,8,9,10,12,4,18,6,23,7,12,5,6,6,15,11,5,9,5,2,10,14,13,10,34,7,12,11,8,19,20,10,369,396,298,365,643,71,873,631,142,36,546,167,315,366,175,379,215,412,274,266,325,400,131,249,616,289,396,209,5,525,455,345,339,548,296,202,155,687,433,606,173,116,96,364,240,295,117,1149,23,54,23,28,9,62,34,25,24,31,52,16,49,79,62,88,92,91,51,47,18,38,26,42,77,8,156,117,45,31,188,280,183,54,36,9,46,113,40,198,24,27,16,18,87,77,166,41,152,2,52,35,67,34,33,58,92,6,40,30,133,13,26,34,125,36,54,18,41,57,259,338,69,30,85,1,53,37,103,28,15,74,51,27,37,81,121,44,29,49,78,77,32,18,50,21,23,116,31,30,21,44,50,69,27,30,11
138,142,121,311,86,112,290,39,156,37,168,817,143,125,66,209,44,100,134,266,38,96,90,96,96,92,38,67,124,24,118,56,84,110,74,131,100,56,234,74,176,122,117,110,85,46,158,103,61,47,39,41,49,66,92,100,128,51,63,99,90,166,249,46,1163,1202,996,1336,2188,213,3456,2413,554,200,1677,477,940,1349,623,1585,754,1630,1020,842,1179,1687,341,903,1995,1154,1272,666,24,2091,1698,1198,1167,1842,1009,643,497,2506,1568,1959,719,418,343,1251,629,909,327,4033,130,258,88,166,47,263,275,106,94,199,311,61,267,380,264,429,440,399,227,256,84,171,80,250,844,49,522,347,177,70,877,2084,816,291,200,62,331,323,191,871,81,155,50,92,315,333,887,270,1569,28,198,261,239,156,159,230,482,84,242,97,1068,52,125,112,576,114,217,83,262,248,2994,1205,289,127,355,6,196,125,995,127,80,463,170,138,225,425,421,206,108,171,537,283,96,105,181,97,101,499,153,107,90,202,213,510,165,109,86
134,145,104,348,111,148,378,48,114,64,133,502,120,141,56,177,54,94,291,280,48,97,67,65,66,65,31,41,86,25,83,34,61,60,42,76,61,54,104,66,72,52,62,65,50,21,85,84,45,40,28,40,42,52,64,70,63,40,42,60,52,91,114,29,1032,1212,793,967,1489,253,2338,1575,762,201,1336,490,836,1017,549,1230,667,1211,938,738,1003,1169,374,811,1463,982,1174,1046,21,1489,1387,1057,1049,1299,792,770,459,1801,1252,1523,672,288,357,840,596,749,371,3018,44,82,18,80,21,58,94,64,56,71,90,39,106,126,94,247,96,88,82,154,37,54,45,169,119,38,70,83,64,27,348,374,458,73,96,21,101,46,39,102,47,60,32,22,95,116,250,172,127,23,67,157,151,66,57,344,103,57,69,71,173,38,67,75,141,27,100,33,216,52,314,147,103,31,149,14,46,46,167,62,31,245,51,48,86,224,79,93,39,54,112,59,28,36,89,43,23,156,65,54,34,51,38,122,39,37,36
72,96,74,318,58,72,321,38,91,29,101,358,82,103,44,174,23,76,99,148,32,60,39,56,58,42,25,46,65,12,64,24,47,52,27,60,50,30,90,54,87,52,58,47,63,25,89,41,35,32,12,19,35,42,45,66,48,31,45,32,36,80,136,19,691,815,547,834,1126,123,1930,1200,377,117,1047,331,608,854,338,930,451,930,629,526,664,1013,207,560,1095,783,766,451,21,1120,872,756,742,1057,552,436,298,1290,949,1079,488,186,173,748,482,564,263,2253,15,41,28,56,17,55,39,45,33,40,40,31,44,63,43,82,36,44,58,88,16,30,22,73,61,12,38,14,54,15,131,167,265,43,43,17,59,35,25,50,31,47,17,13,61,59,171,124,97,7,36,112,63,39,34,96,35,31,34,41,101,24,43,30,80,22,66,23,87,42,145,48,49,18,55,6,23,25,86,37,19,81,40,30,49,159,41,53,32,36,76,37,19,38,26,58,16,102,38,24,13,31,16,59,30,21,36
39,30,49,77,25,36,75,10,46,12,30,99,15,24,23,32,6,15,22,54,10,20,12,10,8,6,3,6,7,2,12,8,3,8,5,11,10,6,9,4,10,4,9,4,10,7,8,7,3,5,3,4,1,7,5,11,15,6,6,3,5,7,8,0,284,344,235,331,434,80,614,466,133,28,439,160,230,292,147,354,161,358,294,231,253,347,79,195,402,250,330,195,15,399,320,303,291,410,227,203,141,582,336,555,177,79,81,355,204,235,105,900,5,13,5,14,1,9,10,6,9,11,9,6,7,19,7,23,8,3,11,21,8,7,3,13,6,5,6,9,7,0,27,16,61,8,7,2,10,7,5,12,10,10,2,6,11,8,30,22,22,2,2,25,11,8,5,25,3,6,8,9,21,7,6,8,9,14,21,6,16,7,25,11,8,7,15,2,8,3,18,6,6,26,9,4,5,27,9,7,10,6,13,8,1,9,9,7,2,38,7,8,6,8,5,13,6,3,6
103,95,83,239,95,91,388,34,79,42,111,381,113,107,39,135,32,66,150,200,33,70,57,67,41,43,34,46,66,12,82,37,63,67,29,67,75,30,105,56,115,66,62,57,55,27,80,65,38,27,17,32,38,42,66,55,62,31,35,40,46,88,126,32,623,817,517,693,981,166,1544,1096,481,161,815,308,461,665,347,872,446,833,558,545,655,847,220,546,885,654,730,626,18,1103,928,666,624,859,560,474,290,1148,832,888,459,216,244,563,407,483,241,1984,16,44,18,73,17,35,37,56,67,57,39,16,45,70,57,104,58,75,54,143,23,30,43,85,60,22,56,56,54,9,129,192,233,38,51,26,61,41,30,66,33,49,23,17,52,56,171,178,190,9,31,125,98,36,39,201,58,52,25,35,139,32,41,55,110,17,83,17,135,45,145,64,59,35,102,3,28,25,108,34,35,89,40,37,31,190,56,59,30,32,78,43,23,22,35,38,22,77,40,41,20,31,21,78,25,22,34
327,638,700,552,949,451,343,235,213,231,296,1637,208,375,376,1034,52,1049,272,836,296,218,217,86,78,58,40,49,86,22,93,52,59,83,55,109,78,59,144,71,109,94,89,77,89,30,99,90,59,51,26,48,46,71,72,67,110,49,71,65,68,109,172,54,1316,1390,993,1480,4221,308,2831,1937,866,414,1501,613,1003,1635,704,1811,918,1553,1251,953,1361,1553,676,1037,1978,1136,1432,887,150,1861,1593,1468,1412,1972,1041,825,601,2344,1654,1960,821,393,572,1639,693,967,488,4023,85,261,143,250,28,126,241,136,123,341,327,60,157,410,194,637,264,151,318,208,59,71,123,216,482,49,170,108,107,58,1233,886,1080,252,248,108,291,76,167,236,134,106,33,115,160,367,893,232,378,39,245,225,221,185,182,322,260,104,274,156,1042,87,228,117,223,74,213,141,351,212,1039,254,392,125,231,9,164,122,682,147,51,447,95,98,147,398,180,334,107,165,350,229,64,82,275,84,35,722,193,98,134,161,78,463,156,132,61
195,331,330,502,414,232,304,112,172,106,211,1042,161,283,167,515,33,465,188,419,146,137,136,69,72,60,20,63,86,22,89,49,62,87,45,66,72,33,133,59,122,85,86,70,86,36,103,91,51,44,35,45,40,49,77,83,104,54,63,72,72,86,280,43,1146,1173,885,1302,2984,273,2734,1915,607,294,1513,476,966,1303,551,1535,778,1450,1001,856,1093,1455,398,865,1822,1089,1282,650,74,1728,1360,1158,1184,1663,844,642,534,2156,1413,1813,646,365,388,1303,686,849,401,3820,99,331,180,221,24,115,290,101,63,367,332,50,206,473,212,633,284,156,418,129,53,47,138,134,629,56,196,63,72,62,1121,1552,1201,310,228,95,339,54,196,239,146,69,21,124,137,412,1133,195,427,34,282,168,152,208,190,204,271,66,318,147,1230,43,315,58,124,51,248,126,324,223,1937,211,434,151,231,12,170,130,960,169,37,424,55,111,129,342,158,431,121,201,522,262,64,89,367,93,42,944,224,84,91,212,107,547,200,169,57
43,106,87,70,78,45,47,21,34,22,32,208,32,58,46,85,10,76,46,82,21,29,25,9,13,9,3,9,11,4,10,7,8,12,6,10,10,10,11,9,10,4,19,17,9,7,8,11,5,8,6,10,15,2,9,5,12,4,6,11,4,11,13,6,200,232,181,209,552,71,450,317,130,50,290,126,173,246,135,294,161,254,206,160,204,258,94,185,339,194,258,171,10,267,255,222,226,285,159,145,119,396,292,376,165,66,56,293,163,166,85,683,8,19,12,17,1,16,19,8,15,28,22,5,17,46,13,57,26,19,19,28,7,3,14,20,22,7,17,18,11,3,95,66,92,23,18,4,28,8,15,37,13,14,2,7,14,30,72,20,38,1,34,20,24,25,19,20,19,5,26,12,97,9,19,17,25,4,36,11,20,19,102,25,34,14,31,5,13,13,80,9,7,31,10,17,17,40,27,39,17,23,33,25,9,7,28,16,6,73,16,4,7,14,12,53,13,11,9
326,525,442,554,590,312,412,179,184,180,309,1256,261,321,242,695,104,620,353,687,216,208,180,96,98,124,49,61,107,35,91,68,73,93,59,105,103,65,201,99,178,117,94,104,106,38,152,111,56,54,37,60,66,80,94,109,156,60,56,75,99,149,242,53,1376,1473,1152,1438,3352,361,3092,2220,1030,430,1551,628,1097,1525,729,1819,945,1577,1271,969,1269,1644,604,1038,2109,1275,1663,1250,69,2000,1827,1436,1458,1884,1007,916,655,2464,1647,2129,956,456,625,1392,753,950,549,4119,119,285,143,250,35,151,267,171,184,332,268,71,270,508,202,525,344,207,308,322,88,137,121,268,791,74,238,149,153,74,1058,1996,1032,334,226,89,321,142,195,277,138,145,44,129,197,355,1008,372,737,32,256,264,334,185,181,444,264,111,273,147,1256,97,219,164,390,82,236,114,440,266,2092,297,409,119,294,15,168,136,1138,143,75,423,130,134,214,515,256,359,154,208,491,262,67,115,246,133,83,805,217,79,151,191,111,656,228,120,92
84,96,95,312,108,73,128,31,46,26,205,420,97,98,46,224,22,139,85,166,43,64,76,63,61,44,27,57,65,7,61,31,53,71,59,61,56,56,101,94,93,68,72,81,69,28,98,77,46,41,17,28,37,59,60,52,92,44,54,61,54,73,118,36,378,509,412,462,1015,98,817,466,259,158,655,221,355,569,253,709,320,561,435,437,451,536,119,410,719,604,600,302,19,691,806,532,470,604,485,281,205,943,598,596,320,180,204,377,295,337,210,1501,35,70,64,86,19,64,103,103,72,87,97,47,60,131,82,179,58,81,117,272,39,67,50,152,70,13,80,41,130,17,398,245,783,94,137,62,111,34,52,91,41,75,12,34,63,116,295,163,203,20,57,234,80,59,89,101,57,47,70,34,230,86,70,43,133,21,81,49,139,68,226,59,161,63,94,11,45,47,214,66,56,183,43,69,59,255,60,115,51,85,109,84,18,34,70,186,28,245,53,50,40,63,20,135,75,54,42
37,39,43,182,43,35,106,27,33,15,99,191,60,43,21,132,8,48,48,64,17,45,27,23,25,20,16,22,36,5,36,14,19,48,16,24,33,27,51,64,39,29,40,53,48,15,31,45,24,16,18,17,23,29,40,31,58,31,29,34,29,38,78,5,184,205,193,199,448,61,349,216,170,95,290,103,164,239,111,268,134,267,188,212,214,256,80,185,348,261,256,178,3,268,314,258,226,306,228,151,104,387,271,237,171,112,93,216,132,135,119,567,26,48,31,38,11,44,45,62,40,49,70,27,46,71,54,123,35,43,85,172,21,39,39,69,63,15,56,38,78,9,230,196,471,64,60,41,56,22,49,46,27,48,6,29,69,77,200,137,92,9,43,138,75,43,55,49,32,37,35,39,173,55,49,30,73,18,57,34,78,46,144,39,116,23,64,8,42,33,156,54,62,119,44,30,43,189,36,68,40,58,89,58,17,31,53,76,20,155,34,37,26,45,15,93,51,36,35
18,20,11,55,17,17,25,5,14,1,89,73,18,8,6,43,4,13,21,33,6,14,16,12,5,8,7,9,9,1,11,5,5,10,5,12,8,6,13,11,12,6,12,11,3,4,11,18,3,6,9,4,3,7,13,5,8,5,2,15,6,9,22,4,75,77,97,110,196,29,149,83,68,42,138,43,69,119,47,197,61,149,98,75,106,182,30,95,107,266,108,68,2,126,159,89,101,136,83,61,30,183,125,124,79,48,55,78,46,69,39,239,16,27,32,24,3,12,31,7,15,26,49,6,19,52,31,93,27,16,40,25,4,12,14,22,41,1,24,6,22,8,136,70,96,35,39,15,51,5,19,24,20,12,2,14,13,35,124,33,39,6,32,27,7,51,32,14,40,13,18,19,84,24,21,7,16,14,30,16,36,18,65,18,44,13,42,1,14,14,72,28,13,70,13,9,17,56,19,56,24,26,35,29,6,15,56,23,4,114,32,12,10,19,10,45,22,27,7
102,87,92,254,108,69,105,29,62,43,176,428,98,87,41,226,20,140,79,167,49,87,74,45,67,54,29,46,56,8,52,35,58,65,38,52,43,57,96,149,91,69,69,99,72,24,96,74,39,44,23,35,26,57,66,50,98,51,56,70,44,92,147,30,312,330,284,347,830,98,577,326,218,142,446,187,292,434,157,523,235,356,346,328,386,427,141,332,553,437,364,275,23,481,583,378,359,494,408,232,178,607,470,387,257,142,152,294,195,190,248,984,44,90,58,99,20,68,133,67,71,102,169,33,82,136,108,229,54,71,150,264,23,34,51,92,153,19,106,50,84,19,436,612,634,102,125,85,129,21,69,84,40,68,8,45,113,131,500,192,188,27,79,158,82,60,88,100,98,65,84,53,381,123,91,48,121,29,110,52,117,75,345,82,207,53,108,5,64,62,359,83,76,219,67,75,67,234,53,144,90,110,176,109,22,53,92,85,29,261,63,58,41,77,35,160,85,84,42
65,84,107,293,111,59,135,32,35,22,187,350,70,56,46,237,9,174,64,124,22,58,60,25,29,13,13,21,26,4,32,11,29,29,17,45,28,29,47,42,36,21,29,39,33,12,32,35,12,19,7,6,20,17,31,26,53,19,25,36,15,30,64,16,283,332,284,321,930,65,613,366,190,132,483,152,309,483,155,530,202,386,329,353,384,399,101,290,533,430,345,181,20,443,518,350,324,529,360,170,151,639,412,573,206,126,157,366,190,235,136,1038,22,57,34,45,13,39,66,41,40,55,91,26,41,80,59,124,57,28,63,99,21,27,24,68,92,16,56,19,49,12,255,128,328,51,53,44,71,16,38,54,27,41,8,13,40,75,220,107,61,19,43,91,30,42,54,59,51,47,44,20,236,56,39,27,51,14,50,33,64,45,169,56,95,25,89,6,39,35,155,40,49,155,42,35,61,139,39,95,21,48,105,57,13,33,57,42,17,175,45,26,22,42,13,89,36,35,22
45,46,48,284,35,35,95,11,51,23,168,216,54,49,28,164,9,40,50,78,17,40,73,19,20,22,14,28,30,5,31,17,22,33,12,30,18,25,37,33,29,34,26,29,27,15,30,35,15,24,11,12,14,19,26,22,36,18,19,38,16,25,63,19,235,247,255,226,626,59,501,283,176,128,455,127,241,361,126,421,172,278,272,229,280,376,83,227,463,346,332,125,13,374,408,272,269,444,277,166,122,528,313,444,157,118,101,254,166,204,111,810,24,63,38,40,6,33,72,25,38,73,89,19,47,85,52,129,68,21,92,85,20,21,32,67,105,6,52,20,48,9,256,303,330,44,53,41,70,11,42,50,31,36,4,22,26,90,254,93,74,10,52,105,51,35,52,54,37,27,60,23,252,44,57,18,81,13,50,31,55,49,398,39,99,23,62,5,36,34,226,50,37,219,34,51,98,136,35,70,26,42,142,55,10,61,58,42,10,163,42,18,18,41,23,119,49,41,15
30,30,21,140,25,27,23,8,26,7,260,130,20,24,11,189,4,14,22,38,9,14,58,8,5,3,2,4,2,0,7,5,4,5,5,8,4,5,8,8,7,7,6,5,9,3,9,5,6,4,3,1,7,4,7,2,6,3,4,3,5,5,6,1,113,129,133,132,285,34,205,124,75,38,198,44,104,181,51,185,59,144,124,92,102,155,33,85,175,196,164,71,4,108,184,139,112,183,112,63,78,225,144,177,76,53,55,92,70,85,46,331,13,51,40,38,3,21,43,10,10,62,83,8,28,76,37,133,46,16,85,17,4,9,32,14,74,4,22,7,9,8,254,117,148,58,34,18,38,5,30,33,18,11,3,20,19,57,194,21,54,6,49,24,13,55,38,13,24,11,44,12,161,10,40,8,26,10,44,30,33,43,140,15,59,29,47,2,18,23,132,33,11,74,6,20,33,44,20,100,17,35,58,51,6,27,60,11,11,201,33,24,13,36,15,92,53,22,3
87,121,132,375,132,96,140,45,69,36,198,416,92,75,80,320,8,187,74,176,52,91,98,28,38,30,19,43,44,13,30,28,24,61,25,43,41,42,62,55,50,46,36,66,50,18,46,53,34,34,14,21,25,38,48,28,43,44,36,45,29,50,80,21,299,304,272,348,926,88,587,370,219,182,521,161,294,443,145,527,228,342,325,333,366,384,128,282,529,459,407,166,21,440,533,384,368,551,355,223,178,643,377,462,221,136,185,316,192,219,190,921,31,68,48,70,11,47,89,47,66,80,108,35,69,132,67,212,122,39,103,124,33,28,37,67,250,21,104,37,57,14,338,700,384,73,85,69,107,21,64,63,42,58,10,26,70,117,488,158,94,19,57,115,44,70,78,86,84,60,103,32,433,56,77,27,93,20,81,42,105,53,781,84,154,38,88,9,38,52,393,67,55,394,50,46,177,164,66,91,43,94,220,85,21,76,69,40,14,205,56,39,31,63,26,195,67,52,27
40,32,43,139,46,36,146,15,32,12,72,219,42,24,21,82,6,51,39,62,17,42,35,9,20,17,9,24,29,7,22,6,12,27,11,21,23,19,23,24,22,19,13,19,18,9,15,28,9,15,12,8,20,19,21,12,31,13,17,20,21,15,39,11,198,327,197,241,498,62,490,305,133,71,360,127,190,331,101,359,177,317,223,242,279,353,77,241,326,317,285,178,8,372,431,282,247,374,269,166,105,539,358,380,162,79,75,223,144,187,100,823,10,30,18,31,11,33,33,36,26,23,27,25,21,50,29,76,22,18,35,106,21,15,21,61,33,8,24,23,53,4,110,63,272,18,32,17,39,19,17,24,16,30,5,10,30,29,102,94,64,7,25,96,29,30,37,39,27,24,18,20,79,34,29,19,53,17,27,14,49,16,69,19,47,7,40,6,7,19,74,29,20,69,34,28,21,85,23,49,18,24,40,21,4,20,25,94,14,59,18,19,16,19,8,47,27,12,23
38,34,38,145,36,25,83,5,23,11,85,169,44,39,10,91,11,43,25,65,13,36,45,14,16,17,17,18,28,8,23,13,14,27,13,29,15,19,23,90,28,18,24,31,30,17,26,27,11,12,12,11,12,19,15,21,35,21,19,15,20,20,63,11,200,217,183,226,426,54,415,257,130,71,305,90,211,237,95,309,137,241,201,194,222,257,69,176,352,231,250,111,8,347,332,278,236,344,220,119,87,471,288,278,150,82,67,235,144,160,119,652,19,38,26,38,8,41,54,48,32,34,53,32,31,62,46,75,40,28,83,121,13,16,31,51,100,9,57,19,43,11,139,211,259,54,53,45,64,12,32,34,21,36,9,20,73,41,336,98,101,9,33,84,38,37,45,33,29,20,29,27,160,71,56,19,73,6,38,19,47,40,172,28,87,27,42,3,22,13,171,38,41,148,32,30,53,115,26,60,42,52,79,42,15,47,37,54,10,107,35,24,20,31,13,73,56,32,34
17,12,12,41,16,13,26,2,10,6,28,54,11,10,13,28,0,7,11,26,5,10,9,4,2,3,1,4,4,3,3,1,4,4,2,2,2,2,6,8,6,2,2,4,5,1,4,3,7,0,4,6,3,1,4,4,7,1,1,2,3,5,11,5,64,85,94,89,201,19,157,108,34,19,170,35,55,101,39,121,50,117,94,91,90,129,21,71,137,149,108,42,4,135,123,75,86,143,68,54,45,208,91,138,56,23,32,106,67,80,27,296,6,32,21,16,1,7,20,5,4,19,32,7,11,36,17,47,24,8,17,26,3,3,7,16,31,4,15,9,6,4,84,41,83,23,17,9,27,4,14,12,12,5,1,9,7,19,71,12,25,1,22,19,10,33,15,6,15,8,16,8,71,13,10,5,6,5,8,5,22,21,43,11,31,7,12,2,14,11,59,16,4,49,6,9,13,23,13,32,14,15,24,20,2,14,33,12,2,67,23,5,6,12,6,28,21,12,5
47,56,57,135,66,42,88,20,27,21,105,261,48,52,22,150,6,80,48,98,27,46,30,17,22,11,14,26,32,6,30,15,17,35,16,32,24,24,42,50,41,33,22,38,42,18,39,31,17,17,14,7,15,28,40,20,43,18,25,31,27,37,83,17,194,213,173,203,535,41,361,257,116,96,267,95,176,264,103,362,144,224,187,208,219,314,78,183,293,309,239,106,14,313,348,238,241,271,210,108,76,386,283,253,162,83,115,193,124,143,111,620,17,40,43,52,5,34,88,45,46,51,75,18,33,84,56,131,43,17,86,108,33,21,17,48,119,17,43,24,49,13,255,324,352,66,87,46,81,15,35,37,22,43,2,23,51,79,331,125,93,7,43,87,41,45,58,53,50,29,54,27,211,39,48,19,72,9,52,29,74,37,241,40,100,27,60,4,38,25,191,46,33,149,27,37,40,120,30,94,37,58,128,48,14,38,43,55,12,174,41,36,13,34,15,112,46,39,20
879,2650,3288,640,4795,1772,416,1254,355,810,370,4437,633,940,1669,4221,19,6135,841,3675,1302,399,469,39,57,36,14,61,78,12,44,20,32,96,24,61,45,39,62,117,89,68,43,66,51,32,42,58,38,34,25,23,25,39,56,38,127,31,51,51,37,37,142,31,1184,566,434,2175,13873,185,887,1161,1057,1138,573,295,448,2568,443,2194,1075,1198,962,1158,1291,743,1811,1044,2650,642,969,405,554,836,1166,1713,1366,1384,652,393,362,968,741,1063,426,526,2144,3316,299,280,728,2559,70,64,49,160,13,89,96,166,120,77,100,74,52,104,81,183,82,50,108,297,97,68,42,110,172,78,136,82,141,29,358,298,536,72,128,162,112,57,62,55,63,82,21,47,155,86,314,290,99,38,54,172,74,54,97,227,90,164,68,37,222,171,81,51,117,45,87,48,107,71,255,89,174,40,155,13,62,61,232,71,148,312,100,41,69,241,122,112,57,96,196,73,26,51,51,108,45,200,52,74,90,67,27,132,86,106,46
215,600,690,309,978,412,146,269,91,204,196,1197,185,250,345,931,12,1358,219,813,263,139,133,27,41,30,18,50,66,7,44,26,31,55,30,54,44,55,64,76,61,55,45,75,49,27,41,55,29,30,21,18,17,29,36,31,91,32,34,40,23,32,148,31,547,396,351,685,3138,116,633,503,419,344,496,209,350,884,234,834,403,574,483,532,591,522,465,474,1013,455,489,225,109,534,636,625,580,740,390,259,209,761,471,643,291,268,583,860,207,284,308,1263,57,99,56,132,14,77,131,79,65,104,144,53,73,174,81,282,147,60,159,154,51,48,61,77,213,52,138,56,93,15,462,652,625,107,118,75,152,26,82,73,73,60,15,63,111,159,608,208,126,31,97,142,64,88,101,136,77,80,106,63,439,108,128,32,98,29,93,76,122,92,813,84,213,40,96,12,68,57,400,95,88,403,74,55,184,252,73,167,52,123,250,119,27,101,109,80,35,337,82,65,50,86,36,225,106,87,38
48,196,127,95,159,54,30,52,17,29,124,296,36,64,102,228,7,276,82,166,56,29,17,6,5,5,5,4,4,0,9,4,6,9,9,5,9,3,6,9,5,4,6,6,6,2,2,7,4,3,2,0,7,6,10,3,6,3,2,7,4,7,16,6,87,87,73,147,676,20,151,94,76,87,116,47,53,170,55,220,65,113,88,114,112,119,109,80,193,123,107,50,12,109,127,108,107,177,81,45,39,149,95,124,40,40,100,182,43,58,64,308,16,33,26,25,2,13,22,10,17,35,36,6,27,34,23,64,27,9,28,13,1,4,10,16,37,1,13,7,9,2,142,77,105,28,34,12,35,8,24,17,23,6,3,18,23,37,118,20,40,4,30,16,9,38,24,20,20,11,31,17,90,18,18,6,20,4,24,15,17,25,75,10,36,14,22,2,12,14,66,22,4,55,6,17,10,38,14,50,17,20,59,28,3,21,45,10,6,88,29,16,9,26,4,58,27,22,8
1212,3462,4160,647,5745,2325,517,1599,494,1145,438,5996,814,1334,2175,5027,40,7153,987,4166,1534,559,508,79,123,52,69,96,145,23,88,54,78,176,77,110,82,92,143,240,186,132,108,184,115,51,123,147,72,62,39,46,48,114,86,89,191,81,110,106,86,88,268,59,1516,734,586,2479,16534,269,1261,1418,1332,1506,884,436,726,2779,608,2583,1275,1243,1085,1477,1600,1033,2172,1210,2848,831,1273,569,717,1037,1447,1798,1791,1958,885,633,474,1222,1056,1331,617,761,2367,3533,441,455,874,3132,115,190,102,286,32,160,294,267,242,172,309,131,160,309,186,454,179,109,339,483,154,85,96,177,599,130,270,124,227,50,885,1788,931,216,241,278,266,116,156,111,112,133,29,109,281,262,1175,483,238,77,157,253,143,155,186,362,215,257,198,88,781,294,170,90,205,65,183,122,279,147,1241,170,449,91,283,14,153,140,940,164,229,841,144,109,235,412,193,270,146,229,563,211,66,133,167,139,81,563,136,146,142,151,51,428,193,170,87
373,374,482,832,373,356,473,195,349,182,485,800,282,280,236,746,168,332,330,585,215,277,323,346,268,269,177,312,275,161,305,199,269,266,234,241,253,209,321,237,354,274,286,291,378,176,345,333,227,267,182,237,239,238,311,280,336,245,287,237,275,357,6926,199,714,759,721,673,1401,302,1166,762,556,375,1031,475,707,928,524,1009,560,792,863,645,785,805,370,628,1068,841,980,782,170,944,1196,973,826,1060,745,689,489,1311,938,925,613,378,425,764,541,607,484,1745,216,350,260,347,153,278,310,196,294,374,314,195,259,469,267,659,278,283,378,316,167,189,204,263,338,158,264,174,206,146,852,581,1078,331,359,214,321,155,216,286,255,298,134,187,293,394,788,362,2086,157,309,408,248,263,298,345,256,214,263,248,706,214,325,243,329,176,337,236,322,290,586,280,418,261,362,146,237,243,617,267,222,461,229,214,292,517,250,435,211,271,376,313,155,226,379,204,189,765,256,226,206,250,167,481,232,222,197
181,176,221,491,210,163,338,97,216,93,261,364,178,146,105,393,91,175,151,302,121,141,193,147,103,107,87,153,165,84,151,127,120,116,125,129,118,96,158,97,153,127,132,120,127,92,142,142,118,135,84,127,116,125,154,124,170,135,133,144,130,150,27765,117,302,320,361,317,712,174,523,346,306,171,571,242,321,367,235,412,244,385,413,315,320,376,197,269,519,390,449,371,90,433,495,466,385,566,357,325,232,533,413,501,304,180,200,353,293,291,247,709,1384,4126,2089,1577,87,1173,2941,126,142,2553,2363,114,1869,5667,2665,6737,2064,970,4039,185,87,124,1237,445,6637,180,1562,86,127,657,9161,13088,5052,3009,1557,918,3356,99,1347,1329,809,159,75,1006,946,3332,10339,159,2995,206,2281,264,125,2068,2238,189,1660,124,3278,969,8416,101,2586,137,194,459,1189,1365,2171,2625,11344,1212,2856,1255,1143,109,1300,1092,5937,1467,107,4114,120,1130,1228,1771,637,4308,1661,1771,4873,2668,262,1170,4555,94,190,5231,1668,820,633,1987,439,5959,1821,1301,130
320,267,322,458,327,962,354,231,233,240,607,260,474,222,208,421,315,358,377,414,295,362,271,1061,1036,1111,241,645,739,201,831,454,1000,965,803,557,595,275,1252,259,1261,1292,1158,1042,1145,418,1337,1376,670,1014,470,565,804,210,987,559,1150,876,1060,985,972,1794,2123,916,246,292,312,296,606,221,415,256,293,327,254,213,227,316,262,334,268,284,343,314,324,361,197,241,896,360,350,378,168,304,417,268,321,305,262,263,194,367,283,357,282,246,371,349,500,301,241,452,96,171,97,184,88,214,173,159,247,160,140,180,214,264,174,276,108,172,256,191,145,162,137,241,141,133,151,157,201,73,382,239,283,142,281,195,128,105,101,170,149,332,73,93,187,173,437,264,2004,70,181,341,182,193,262,309,120,148,118,137,372,178,205,159,268,85,248,175,202,153,275,146,229,127,270,103,154,142,234,150,196,282,230,148,192,243,113,212,120,169,166,131,101,139,198,188,125,332,206,200,106,156,172,239,169,113,235
276,284,281,669,249,206,434,154,269,153,379,491,243,235,163,489,126,231,249,389,174,221,253,236,192,182,148,242,210,125,207,155,194,167,173,223,213,149,276,150,274,170,216,167,235,141,266,237,145,180,111,154,174,158,215,185,254,174,198,212,166,263,21531,136,409,449,507,422,930,211,698,480,428,311,676,296,408,586,339,683,343,456,609,438,492,507,237,405,648,609,624,493,112,601,761,652,531,708,486,430,306,732,578,533,431,296,305,459,351,364,327,1042,597,2004,850,902,142,557,1454,165,227,1269,1155,146,998,2529,1173,2779,1011,574,1942,224,134,153,665,344,2908,148,728,124,155,357,3433,7755,2535,1227,942,450,1316,131,751,746,524,235,119,514,583,1619,4274,288,2069,202,1190,436,186,992,1047,241,1159,163,1747,573,4354,151,1402,204,269,213,909,741,990,1269,5494,749,1622,733,625,126,697,610,3490,660,158,2308,202,451,596,724,386,2210,915,965,2707,1032,188,399,2394,123,173,2648,860,434,439,977,297,2850,745,652,157
417,510,676,810,531,393,422,228,486,210,471,826,278,307,304,888,129,520,324,914,221,241,352,260,166,168,140,278,189,122,257,156,207,170,175,193,183,160,217,151,214,178,222,175,251,155,280,248,160,172,142,166,157,179,209,159,272,213,209,213,186,255,6052,144,769,709,760,708,1646,323,1273,824,554,342,1052,451,763,903,508,923,524,785,773,675,904,845,431,640,1139,828,916,773,156,930,1404,903,806,1153,787,675,454,1323,932,978,579,377,384,846,535,667,458,1710,4553,11818,6162,4939,147,3093,9532,230,256,7258,6366,158,4773,17978,6822,25399,5857,2708,12277,358,146,185,3259,1362,19339,373,3953,172,255,2075,32418,43453,15766,8904,5225,2455,8847,189,3885,4146,2619,255,142,2746,3249,9545,25729,262,9790,618,6437,653,236,5459,6638,297,5487,232,11448,2956,27737,171,8265,237,362,1159,4071,4280,5818,6769,40487,4145,9166,3624,2863,243,3412,3493,21695,4084,173,15412,207,2701,3735,3881,1545,13134,5318,5164,14967,6789,762,2375,15047,178,395,18038,4685,2317,2149,5772,1316,20038,5218,3327,251
344,289,459,676,336,248,438,157,423,168,314,507,216,220,190,545,111,296,233,569,170,170,282,218,168,165,141,304,156,102,277,157,158,159,140,161,149,136,139,145,220,163,231,151,293,139,267,258,147,175,108,153,136,146,168,138,195,207,259,186,158,277,29562,126,597,507,623,508,1228,268,898,639,420,255,898,338,583,585,344,582,391,571,614,532,605,600,248,493,806,579,658,503,103,704,877,672,615,894,612,496,346,963,648,730,420,287,281,645,426,498,338,1195,5424,14502,7804,5729,127,3816,12402,181,237,9038,7725,151,5746,20913,8243,36172,7953,3115,13693,358,102,159,3698,1756,23454,390,4999,142,307,2409,43927,48160,19468,10590,6573,3486,10758,136,4833,4923,3231,244,135,3165,4362,12154,35977,223,12259,837,7945,604,252,7067,8565,316,6172,205,13146,3963,32604,143,11025,242,336,1282,4570,5024,7053,7863,46545,5710,11887,4203,3468,249,4171,4660,27839,5629,147,23122,200,3070,5296,4356,1795,16265,5156,6374,17049,8228,989,3172,17436,186,491,24058,5796,2731,2602,7061,1517,22895,6703,3922,193
253,235,281,342,285,850,272,140,236,194,432,307,358,163,158,419,200,326,328,399,178,283,197,399,367,381,133,281,280,86,318,179,348,401,271,212,248,134,419,143,404,435,418,371,401,170,500,501,211,349,188,238,268,93,385,186,405,329,394,372,338,631,1226,286,220,270,297,285,628,191,392,247,224,253,338,189,227,316,209,302,207,227,299,291,294,290,189,204,973,314,351,277,109,307,410,295,318,346,243,200,169,389,297,370,222,175,250,324,487,260,187,504,519,1508,809,605,79,484,1141,113,195,1198,938,104,799,2503,794,3610,880,421,1605,126,90,113,481,297,2299,108,695,97,164,229,4756,5971,1979,1240,785,474,1241,65,676,600,427,214,62,393,512,1493,4013,178,2854,136,959,234,144,805,938,195,587,96,1372,403,3920,114,1163,134,210,181,687,606,949,844,6171,536,1461,610,600,64,603,528,2997,593,130,2311,126,441,604,670,300,1708,624,860,1895,1036,187,400,1738,106,103,2987,773,349,286,878,260,2962,858,501,176
445,432,641,928,523,376,493,184,539,177,496,803,274,278,280,820,160,349,301,770,277,231,379,259,220,194,158,228,208,127,254,178,228,226,189,220,236,184,263,199,293,195,239,180,289,163,291,297,190,196,131,176,202,172,250,215,252,228,252,241,243,244,20777,147,789,717,766,680,1606,317,1345,897,541,315,1279,457,687,945,503,1052,528,807,836,698,848,841,336,620,1121,901,968,624,156,980,1352,1026,867,1339,756,616,453,1385,983,1009,584,343,366,832,556,646,447,1899,4630,13161,5839,5115,135,3267,10647,206,241,7400,6805,163,5488,18914,6971,26184,6987,3084,12234,298,153,183,3246,1685,23245,342,4455,138,282,2303,29913,52424,14791,9154,5392,2753,9801,144,4473,4328,2527,277,142,2828,3731,10114,29707,329,10113,666,6685,940,248,5749,6928,297,5753,215,12344,3022,29909,170,9157,242,319,1092,4350,4318,6230,7080,48370,4921,9870,4122,3002,210,3599,3864,25314,4463,172,20121,232,2677,4496,3619,1630,13818,5074,5548,17534,6446,825,2433,15206,153,443,17405,5159,2224,2039,6034,1394,22311,5426,3465,241
204,232,303,526,269,209,506,153,197,107,291,554,227,213,176,536,65,310,211,351,152,152,201,154,137,112,89,137,140,79,136,95,136,129,125,107,131,105,117,117,168,127,139,132,145,101,142,138,97,114,92,111,100,128,155,101,152,127,133,114,119,135,6182,101,404,554,434,383,960,273,581,435,393,231,601,355,595,548,339,677,338,458,615,499,500,530,279,418,641,552,634,587,115,600,701,605,594,682,525,479,320,710,682,683,443,247,277,484,374,389,392,1085,103,215,154,179,92,155,164,124,173,205,194,98,149,251,163,406,146,166,225,186,91,86,110,184,214,91,139,111,142,96,516,311,823,188,210,134,178,102,121,161,140,145,70,112,131,213,481,193,2095,110,186,266,134,152,178,227,181,146,145,123,392,120,167,123,232,88,184,113,169,165,304,156,205,128,245,78,136,136,344,184,122,309,163,143,138,339,146,255,122,168,203,150,88,153,243,168,83,451,128,130,105,143,104,278,171,127,112
203,226,216,434,209,197,421,126,193,126,227,399,166,171,139,436,100,259,186,268,163,122,263,145,136,123,88,113,129,73,135,123,145,111,134,123,141,140,148,207,152,163,145,133,128,90,171,171,100,127,81,122,113,86,137,130,165,171,135,132,133,131,22659,102,366,371,337,329,683,204,511,378,323,161,540,290,380,448,267,508,250,351,396,423,352,408,216,335,521,438,445,445,91,453,443,448,469,533,349,342,234,561,474,494,367,185,222,417,350,316,342,702,868,2694,1350,949,77,797,1910,133,143,1551,1490,84,1321,3468,1968,4482,1438,630,2662,191,80,91,818,348,4128,141,1086,97,139,486,5684,8884,3335,1862,1066,673,2161,94,953,903,528,129,74,572,630,2169,6817,160,2906,194,1408,243,124,1456,1494,181,1074,105,1998,633,5242,109,1713,112,186,303,822,898,1488,1711,6947,877,1853,924,873,96,802,704,3809,999,105,3035,128,695,845,1244,415,2805,1125,1242,3304,1779,179,761,2919,119,153,3049,1099,649,451,1375,337,3934,1198,940,133
263,215,246,317,225,677,315,208,178,238,429,237,449,194,166,310,279,393,358,345,256,293,198,587,516,535,142,376,373,111,438,265,509,569,398,328,328,235,546,436,617,653,578,516,563,231,718,707,329,526,211,349,385,151,531,287,532,517,515,531,472,880,1665,426,195,236,322,252,474,205,310,218,246,239,244,231,244,272,209,278,246,230,288,302,240,261,190,231,749,277,334,335,120,235,259,245,291,274,232,227,151,312,287,355,232,164,261,294,425,297,365,375,80,165,112,110,65,174,155,134,223,123,122,144,166,194,172,212,118,148,200,179,124,178,116,178,111,84,119,120,144,41,265,215,246,123,172,135,116,109,77,126,115,227,74,59,181,129,311,219,2211,66,159,252,159,142,214,273,77,105,94,121,275,149,159,158,245,72,159,157,205,125,210,119,209,107,206,66,106,104,232,128,154,222,188,128,217,207,96,150,161,136,145,98,88,128,200,190,106,273,174,173,85,130,106,144,152,88,237
228,232,211,499,261,188,586,131,226,154,242,447,198,170,148,448,90,235,200,270,187,161,239,135,129,133,70,126,121,62,145,90,168,103,107,156,115,122,157,208,179,117,129,113,134,100,148,175,118,138,90,83,107,128,145,113,120,158,123,137,141,138,15735,96,346,418,362,356,701,203,580,406,326,206,519,277,385,447,264,547,287,369,448,348,396,397,179,334,589,476,474,402,79,482,494,544,465,563,355,356,287,598,542,536,386,169,247,378,331,319,346,835,992,3065,1209,1172,75,732,2133,124,151,1784,1350,74,1440,4256,1938,3550,1159,763,3304,201,72,93,900,376,4356,114,1009,86,135,489,4513,13423,3682,2211,1195,569,1838,113,756,990,640,189,66,710,884,1985,5371,213,3063,158,1499,358,137,1173,1583,164,1530,120,2963,627,5817,91,1901,125,199,276,1051,921,1551,1736,10624,905,2002,927,768,101,855,689,4681,1025,100,2607,136,683,921,895,399,3396,1540,1191,4663,1461,224,507,3879,127,146,3472,1091,613,476,1550,333,5531,1161,796,138
1235,4125,6328,1313,6995,3214,750,1843,769,1664,1028,6177,1017,1725,2560,10111,241,7925,1290,4857,1111,712,1125,197,197,166,167,285,206,141,247,179,213,198,142,210,158,151,206,213,325,221,243,219,295,166,286,247,196,202,166,179,186,161,192,192,316,183,262,233,201,245,7204,171,1985,837,760,2314,13676,536,1334,1564,2666,1635,1117,630,827,4032,799,2419,1503,1342,1740,1152,1539,949,3399,1228,2997,819,1727,1058,903,1130,1426,2608,2154,2031,781,1026,754,1344,1308,1736,835,820,2869,5201,716,751,983,3295,12707,37324,17587,14030,251,10467,27244,464,450,23701,13205,256,14185,56354,25790,50523,11731,7845,49325,643,224,237,9780,2648,54638,756,10886,241,438,5913,65518,176668,48698,28022,13855,6739,23898,269,8215,12159,6731,297,239,8652,9821,24480,60609,483,24473,1546,18145,1368,353,13971,19756,440,17714,468,39886,7619,69625,244,22816,315,438,3374,11793,11977,16639,21390,145848,9798,24071,9628,6585,381,8910,8254,51395,12017,344,22719,439,7551,10445,9886,3842,43054,19363,12344,55290,17836,2246,4711,45277,257,965,45723,11440,8203,5661,16317,3308,68542,14586,9248,360
492,980,1455,788,1442,757,483,457,320,439,529,1482,360,460,602,2250,146,1492,469,1190,338,283,394,181,162,164,110,212,162,91,220,162,167,183,140,175,156,146,212,169,259,185,175,189,248,134,209,224,132,159,146,134,178,172,138,162,220,180,205,176,163,223,35964,135,815,598,612,805,3451,367,890,754,880,579,814,439,611,1230,460,940,656,740,881,660,781,640,895,608,1239,693,837,692,246,750,816,1087,920,1043,554,592,445,915,758,858,575,402,849,1389,527,523,487,1492,20452,68471,35533,24539,259,17696,44643,334,346,44727,25855,181,22386,92012,43919,103900,23211,11437,81524,649,182,182,15593,3845,84246,1433,19362,168,390,9366,133463,245491,96825,50318,24905,12898,43006,244,15314,21930,12966,255,260,15944,18407,45194,122800,275,42604,2832,34033,1411,359,26380,34795,352,31102,286,63091,14844,111685,166,40950,281,421,4756,20350,21504,31131,36449,199976,18213,43628,15195,12074,797,15094,15834,83335,24705,205,46398,278,11366,18631,17027,6547,76341,25397,22785,78502,34163,4128,10246,77732,179,1409,90701,18891,14374,10104,26925,5095,98403,28225,14926,442
285,619,725,305,849,686,223,268,156,298,346,812,337,282,350,1260,189,859,357,566,287,229,230,336,320,345,95,231,222,94,253,157,314,356,270,191,184,119,398,140,385,394,363,332,365,133,422,388,208,300,154,204,246,80,280,180,380,306,303,295,284,563,1129,280,245,176,192,328,1765,134,279,185,309,297,180,131,151,494,188,303,238,216,310,272,216,208,473,163,644,183,286,231,141,161,222,324,305,334,158,188,157,226,216,293,184,139,461,700,256,164,205,482,4739,12802,6122,5040,97,3434,9549,100,143,8299,5756,74,5310,20298,8119,20569,5022,3060,14278,189,83,109,3651,1170,18480,372,4286,92,185,2248,27451,42214,15069,10796,5025,2408,8528,77,3367,4316,2587,131,66,2924,3288,10158,22848,127,9902,536,6984,544,161,5453,7434,156,6045,83,11991,2586,27432,122,7653,101,159,1342,4071,4064,6795,7359,44872,3582,8953,4021,2991,108,3420,3173,21954,4381,98,11144,136,3333,3471,3688,1604,14462,7186,5547,15203,7165,860,2190,16026,110,374,19772,4773,2569,2033,6471,1326,24172,5760,3842,189
836,2236,3275,1365,3555,1638,709,894,551,867,740,3202,712,1026,1430,5526,197,3388,851,2395,649,476,738,261,215,185,172,255,212,126,279,188,230,260,201,263,200,188,289,241,341,263,224,238,320,167,290,258,169,198,145,187,182,178,201,215,268,196,221,211,218,306,28759,187,1233,816,728,1334,7393,423,1335,1128,1584,1047,1076,576,772,2379,626,1532,988,981,1426,889,1161,772,1811,858,1831,837,1368,850,529,1026,1041,1737,1518,1651,721,778,637,1302,1117,1310,713,592,1582,2905,652,687,698,2387,7510,23231,9867,8821,256,5714,17149,378,465,14316,10582,218,10199,32371,13409,35899,9801,5233,23488,540,247,252,6256,2330,37328,636,7321,228,407,3585,43363,104558,27457,16248,9216,4692,14706,289,6696,7262,4337,325,257,5321,6023,17031,46119,455,16557,1104,11417,1314,319,9647,11711,435,11114,414,22796,4824,48711,237,15336,357,440,1817,7772,7143,11119,12726,82958,7420,16953,6819,4700,353,5958,5839,41835,7167,329,25869,415,4532,6970,5863,2958,24314,9858,9244,32673,11021,1570,3660,27468,234,648,31747,8335,4086,3558,10769,2348,37052,9052,5989,346
122,103,99,323,53,62,179,28,111,38,143,596,86,73,62,198,32,63,74,162,54,100,86,62,72,58,46,51,102,17,94,53,64,84,50,65,47,24,98,61,91,81,83,85,70,34,101,72,50,34,34,30,48,55,51,51,101,48,57,71,56,99,196,39,444,431,455,348,876,110,692,456,221,133,676,243,433,396,288,526,262,345,449,584,447,594,123,319,733,538,553,327,30,454,658,625,421,933,454,372,292,780,522,611,309,189,165,443,248,369,298,1122,202,736,286,361,31,207,588,78,44,556,659,35,314,872,433,1217,315,189,860,147,28,36,120,124,1185,26,284,28,62,78,2194,4599,1711,503,447,131,579,30,265,252,213,51,19,183,158,546,1935,123,720,51,382,183,105,308,335,81,543,43,558,216,1700,54,456,26,96,86,289,221,443,488,1919,392,610,200,238,13,249,215,1339,296,30,814,67,190,218,328,174,767,203,292,853,420,90,162,636,109,32,1622,329,123,144,368,87,854,355,173,56
50,52,47,175,33,36,80,28,51,24,90,223,60,56,19,121,18,40,49,87,26,66,54,36,41,38,20,39,40,18,50,25,43,41,33,50,38,31,55,57,71,42,44,52,45,21,52,44,17,17,18,24,19,24,44,49,63,24,31,39,36,52,112,18,167,140,145,119,337,49,317,181,105,87,182,96,144,154,87,240,124,111,186,161,141,196,54,142,237,195,205,180,28,210,195,190,137,304,149,109,101,241,205,253,141,96,87,167,87,109,143,365,57,191,89,132,22,86,168,49,39,159,187,28,103,252,166,341,86,68,254,64,19,34,51,59,311,24,90,31,47,35,501,1127,523,142,138,44,180,13,74,98,84,35,12,69,77,151,527,75,271,15,111,126,41,112,106,77,148,25,191,74,472,31,140,29,74,32,133,81,166,141,603,79,189,84,97,11,75,47,429,92,25,230,33,63,73,182,53,224,96,86,299,131,28,82,187,50,22,414,107,45,58,131,39,253,101,71,43
77,95,73,241,57,51,98,29,88,19,98,372,82,41,26,134,25,48,48,108,28,64,52,52,39,37,30,36,65,12,58,39,45,60,53,75,60,33,102,58,96,59,69,62,56,27,83,58,33,37,16,11,37,45,56,42,83,34,44,40,57,84,114,37,424,335,329,320,705,83,753,436,240,117,481,194,331,408,214,488,233,365,394,344,354,464,112,243,638,411,458,217,30,440,438,487,378,711,387,254,192,681,447,596,255,168,127,431,243,297,203,1010,70,251,117,203,20,89,233,47,33,217,310,32,129,326,167,524,122,104,273,83,19,26,63,79,385,31,104,33,38,26,748,1039,618,169,156,60,216,18,101,111,108,47,19,76,101,189,701,107,239,25,130,112,42,168,138,70,229,34,244,91,518,40,214,25,61,37,154,94,191,184,586,130,174,96,119,13,105,71,353,150,25,453,41,75,108,178,79,310,91,128,385,164,42,92,256,48,21,561,107,79,55,138,62,263,126,83,30
131,131,110,351,112,69,188,51,120,71,210,508,150,114,56,209,54,123,129,204,81,127,160,78,77,78,39,65,102,19,104,59,89,114,50,91,67,49,164,74,151,90,100,106,80,22,115,100,51,38,35,40,61,71,75,75,122,57,79,71,85,123,182,43,352,290,350,214,651,117,498,311,233,162,362,210,295,348,198,464,199,242,354,374,284,424,158,259,495,411,410,351,37,349,389,417,336,543,312,271,212,560,366,524,339,161,155,328,212,266,244,708,457,1619,846,992,25,448,1378,73,82,1761,1638,45,765,2475,1017,3004,758,454,2054,154,28,71,356,203,3345,43,595,41,67,192,5240,7067,4053,1588,928,303,1311,29,669,623,441,94,20,541,350,1481,4352,159,2056,108,1067,235,89,873,766,117,1345,63,1779,419,4291,65,1198,42,135,161,746,445,1220,1113,5777,598,1305,573,588,29,647,493,4636,670,36,2193,80,410,473,647,379,1873,580,710,2104,992,283,265,1711,95,44,4689,869,265,304,931,236,2367,1044,475,75
71,82,68,180,52,31,157,16,96,10,93,541,57,42,28,112,16,28,43,102,14,46,36,42,45,23,20,37,59,7,44,22,43,40,37,55,47,30,90,40,65,66,70,55,42,13,78,49,34,22,16,17,30,32,42,42,73,30,39,46,42,61,101,33,519,390,445,356,999,69,798,501,156,62,611,213,414,408,256,535,249,424,426,446,442,628,96,341,797,481,485,235,16,540,659,558,383,970,468,302,174,875,499,591,296,175,110,476,241,361,200,1270,47,135,65,118,7,44,138,30,24,109,147,18,55,188,89,323,108,46,150,70,15,16,41,55,213,17,77,6,40,29,458,494,370,100,102,46,141,16,69,83,52,27,9,52,67,131,399,81,149,18,101,116,48,71,75,50,96,23,118,74,426,25,109,16,45,23,121,64,108,78,586,97,128,50,85,6,53,63,365,87,16,220,32,52,86,142,43,157,52,71,241,97,24,46,105,32,17,437,87,40,44,80,29,230,77,52,21
58,57,47,186,31,47,58,9,54,15,91,369,61,45,14,81,15,30,54,88,18,62,29,61,44,60,20,37,78,10,75,30,51,55,31,74,48,23,136,43,115,55,92,57,47,28,93,68,47,34,17,29,36,44,58,64,86,34,55,40,44,103,112,36,329,255,286,260,748,55,601,336,153,94,415,127,266,365,156,392,197,300,343,249,329,387,77,217,524,357,356,176,9,399,394,378,297,585,309,175,145,576,339,470,185,158,127,320,177,237,117,838,59,142,61,107,10,62,154,26,35,119,184,24,135,285,108,260,87,54,174,69,22,18,39,56,347,16,84,19,47,15,591,853,394,180,113,71,240,8,68,65,52,36,8,44,49,178,558,110,185,15,107,110,39,66,108,69,112,28,165,45,835,24,120,24,137,26,115,34,159,110,1100,86,215,73,100,7,69,80,924,58,21,255,47,80,122,179,44,187,76,91,313,154,34,24,89,34,12,424,98,31,40,102,32,385,95,73,24
102,106,73,278,48,55,132,14,120,17,108,592,55,39,37,131,18,48,41,130,21,59,49,55,44,36,21,50,69,8,77,31,50,55,35,65,45,34,102,46,96,54,77,54,62,21,91,65,40,34,11,22,31,31,73,67,97,29,34,57,48,84,121,32,794,578,575,626,1547,129,1451,853,246,83,1048,285,579,736,350,794,407,710,634,616,660,909,145,527,1206,604,727,270,15,952,776,723,598,1384,664,390,329,1368,834,1122,352,316,143,825,408,520,255,2003,40,96,45,118,22,50,115,30,36,97,117,26,51,146,76,360,73,41,110,72,25,25,25,74,125,17,72,25,42,12,329,290,290,85,75,34,156,17,53,54,59,33,9,33,74,90,361,99,139,12,80,113,47,58,84,57,109,27,106,65,315,30,89,19,71,12,121,50,88,70,399,88,102,43,68,10,39,57,265,69,22,209,36,44,53,147,56,123,47,68,213,96,27,45,78,36,18,292,43,37,32,63,23,165,84,49,29
90,94,57,250,44,69,146,16,105,12,132,639,114,72,42,102,22,42,77,132,20,94,40,112,78,76,36,65,105,10,113,45,90,129,65,105,93,36,192,55,158,97,113,113,83,44,147,126,67,50,40,32,62,47,111,86,141,54,68,64,69,170,156,52,483,346,548,365,1148,73,722,402,184,168,572,198,398,529,240,619,286,450,443,442,470,603,98,368,736,610,465,214,32,556,645,491,383,849,472,300,239,785,465,720,322,217,145,404,238,367,211,1110,108,304,99,193,25,86,348,38,46,349,384,26,192,452,157,632,180,92,387,98,33,40,63,72,897,21,263,19,62,34,1159,2921,777,336,264,89,616,15,124,126,110,37,9,110,100,342,896,202,272,27,222,178,71,131,152,125,305,44,391,80,1493,57,177,20,265,36,215,93,281,212,2504,145,316,95,120,9,162,155,2251,110,26,469,52,104,176,254,78,356,133,154,717,198,87,50,158,43,29,1216,192,72,64,180,44,647,236,135,32
50,59,43,184,28,45,90,9,61,7,76,319,39,30,23,83,8,20,23,85,13,38,32,30,27,19,15,23,41,4,40,13,27,39,16,31,16,15,58,34,51,35,34,19,32,13,31,31,16,20,9,14,16,25,36,21,35,17,20,26,26,31,50,15,334,303,295,264,678,66,525,316,119,59,423,145,290,321,173,377,188,271,309,326,297,411,94,223,560,365,365,183,9,348,422,396,287,581,307,198,172,593,385,478,184,123,92,355,194,272,164,831,46,124,62,97,10,44,100,22,14,126,118,8,64,139,94,267,69,43,160,48,8,15,30,38,190,10,60,11,31,16,285,944,311,93,87,26,119,8,63,51,73,20,8,38,49,109,330,68,152,19,86,75,24,60,80,51,102,9,102,50,337,12,105,2,38,23,95,48,90,106,418,85,99,59,60,6,54,44,223,82,13,156,19,42,71,93,43,168,60,76,181,90,18,44,115,27,19,277,66,38,40,76,28,181,64,58,17
20,33,24,131,15,23,44,2,30,7,63,169,30,25,11,75,9,18,33,38,9,30,30,23,21,12,15,23,31,5,31,13,20,33,14,38,15,19,43,21,39,21,18,28,24,5,28,29,11,13,9,9,15,21,32,29,31,11,20,17,19,35,67,8,133,103,110,115,287,33,228,130,91,56,155,57,110,135,76,143,86,124,151,106,120,190,40,119,191,147,167,71,8,145,129,153,143,235,134,88,74,238,162,167,92,55,61,144,67,96,70,287,26,70,24,43,7,36,65,27,22,59,70,15,64,99,59,113,41,24,103,33,9,11,30,18,110,8,39,7,22,8,179,347,150,64,50,20,72,6,38,55,28,11,5,24,33,58,199,39,114,8,44,64,36,28,39,37,51,20,54,31,204,15,54,15,40,14,57,22,57,50,264,33,72,34,37,2,24,30,203,40,8,67,17,39,36,85,20,66,27,42,96,69,15,17,56,24,14,137,30,27,27,31,15,104,48,23,16
76,73,45,210,23,29,60,10,65,11,77,343,52,22,23,105,14,24,21,75,11,42,29,26,29,34,13,38,27,6,25,21,30,27,25,37,34,32,42,34,66,36,37,37,29,14,53,35,33,22,7,12,15,31,32,38,42,15,25,31,18,43,64,26,413,319,326,312,761,82,723,416,163,81,512,199,324,366,208,428,252,340,358,317,324,528,92,276,631,357,384,224,13,483,475,441,330,747,362,222,204,707,417,597,197,169,116,446,234,306,165,985,41,99,64,116,13,56,100,29,16,109,121,22,51,142,92,293,63,30,141,62,23,19,27,45,127,16,57,14,25,26,240,478,358,81,92,24,114,12,49,54,76,21,7,41,48,88,316,69,159,11,90,65,20,61,75,29,110,15,95,83,242,17,124,14,57,17,130,72,59,81,206,62,94,50,63,7,48,43,149,89,21,152,22,46,45,102,35,150,59,53,135,108,15,57,117,16,25,232,57,51,35,59,22,135,67,30,17
47,58,42,209,23,23,95,14,55,8,86,328,74,46,21,92,9,28,49,87,15,62,41,65,45,48,24,42,54,5,66,33,51,74,51,69,51,21,130,47,118,65,63,72,44,26,107,72,49,33,12,23,43,47,54,47,81,30,46,45,55,89,106,24,236,204,247,186,570,51,385,217,117,93,322,121,205,248,141,365,149,216,252,232,227,337,56,190,361,353,301,139,15,297,301,270,221,460,243,185,158,429,260,329,184,133,106,272,163,219,124,509,58,215,81,133,8,53,194,33,22,294,255,26,97,302,146,347,102,62,258,52,13,23,48,59,444,21,121,16,49,23,710,1520,582,207,162,40,201,8,92,92,78,19,13,67,63,241,598,108,265,21,137,113,37,137,88,72,192,16,227,52,804,23,155,21,95,38,173,63,178,136,1050,93,192,70,96,6,79,89,1011,93,16,204,27,63,82,152,69,238,102,103,313,188,55,45,164,19,7,813,120,55,55,116,33,352,168,69,20
163,141,91,304,76,60,180,57,108,51,201,610,169,76,54,224,53,121,114,208,68,87,81,54,61,58,25,38,71,14,69,34,54,84,41,65,53,34,118,71,107,58,66,90,67,20,75,79,56,31,23,37,44,55,66,64,94,31,40,66,66,102,136,26,533,452,529,294,959,103,665,388,237,133,605,216,461,468,291,509,285,346,476,532,467,623,154,353,743,557,555,364,21,495,706,647,394,984,476,362,260,837,528,738,312,193,151,488,278,367,284,1143,137,387,240,297,22,125,432,72,175,555,587,35,189,546,238,925,360,110,512,238,25,74,148,133,730,30,206,40,118,73,1799,1572,1120,416,294,144,474,26,293,247,178,166,12,160,163,518,1222,130,708,51,408,165,114,276,250,132,334,82,414,146,1641,65,328,67,124,80,283,214,352,315,1830,235,577,178,258,9,229,192,1636,217,48,556,96,172,181,371,141,483,156,252,612,394,77,112,395,119,43,1382,291,85,116,219,105,820,264,188,71
45,58,22,189,29,40,55,10,39,3,98,226,48,52,14,89,10,18,49,74,16,45,37,48,36,37,18,43,78,9,53,25,28,51,27,58,34,22,95,48,99,47,70,42,59,13,70,43,25,23,15,24,28,26,41,49,60,23,43,37,40,58,100,26,204,151,210,120,414,50,284,181,135,78,239,107,200,205,117,253,124,175,219,168,177,223,46,163,309,253,201,159,15,227,261,282,168,351,187,140,120,283,249,318,178,113,91,226,106,146,117,466,78,239,96,115,13,67,295,31,24,285,325,24,160,390,149,510,248,66,283,53,14,24,80,50,660,9,164,21,39,29,1114,1436,566,245,198,53,244,20,150,130,59,29,6,85,55,324,821,78,272,25,213,84,38,154,142,57,170,23,263,64,1485,16,179,17,67,43,133,77,203,170,2148,120,358,120,95,10,133,114,1521,92,24,316,33,72,143,205,87,283,108,131,468,194,45,33,185,28,14,812,174,62,45,158,50,612,176,118,25
68,53,49,227,38,34,92,11,70,13,92,279,45,40,27,111,5,25,30,92,18,32,40,40,34,23,17,18,52,6,35,19,25,44,22,39,36,19,63,31,75,40,29,52,36,10,58,41,28,17,19,13,19,33,36,42,51,24,36,19,34,46,84,17,326,294,248,275,590,83,575,332,147,58,385,160,288,305,168,344,205,294,333,277,332,389,73,221,486,327,361,181,14,384,431,387,261,587,307,176,161,532,417,502,223,154,99,351,171,212,139,793,53,128,61,105,11,53,138,24,24,166,240,14,72,206,58,427,168,44,170,59,10,20,32,56,277,12,64,14,25,21,645,575,376,111,121,29,180,7,91,76,43,19,8,42,43,176,487,68,202,29,116,77,41,93,77,37,119,21,131,66,653,16,123,12,37,9,134,65,121,77,952,79,189,60,59,6,48,82,635,95,11,217,15,54,85,110,52,139,59,77,267,156,36,44,101,23,15,520,88,29,48,69,44,286,107,60,21
106,122,78,341,89,75,169,31,94,37,208,585,128,119,49,197,31,90,97,180,45,126,94,108,106,87,44,75,137,19,124,63,100,112,89,135,102,52,295,78,197,128,139,134,127,55,206,136,76,51,30,50,72,90,128,104,168,48,87,108,96,165,250,65,447,334,549,272,933,116,543,310,268,191,497,231,364,478,228,620,256,363,446,409,383,564,104,344,605,575,495,369,21,453,516,617,375,751,366,339,235,719,437,568,370,229,170,390,242,333,250,850,452,1606,517,721,36,306,1916,67,94,2361,2541,29,868,2283,835,3620,1197,321,2161,133,43,59,270,127,5138,38,844,28,83,101,8093,15203,4951,1703,1414,350,1298,23,785,645,403,69,16,628,248,1867,5201,216,1549,128,1023,206,122,755,601,159,1589,51,2024,253,8512,74,1058,40,196,190,807,352,1522,1049,15861,768,1863,471,411,16,710,725,12542,493,26,2016,61,379,802,588,359,1611,698,661,3037,1158,514,124,955,57,36,7913,881,220,330,889,250,3392,1440,534,53
626,474,699,1943,396,268,624,85,759,126,599,1417,176,203,211,1133,85,216,144,1005,182,138,455,110,151,103,88,114,194,47,148,104,107,144,114,134,110,155,178,242,190,135,185,176,143,74,195,229,90,98,53,70,106,132,145,124,454,132,153,139,128,165,463,97,1014,1040,959,781,1723,443,1391,589,637,271,1495,668,1040,1038,724,1086,691,941,1148,1365,1141,1274,342,821,1447,1242,1205,735,75,1158,1661,1350,1078,1679,1302,688,630,1763,1472,1237,753,485,406,1001,846,784,835,2744,125,380,228,331,59,164,327,101,109,287,459,54,176,494,289,819,217,148,436,340,68,83,117,140,425,44,151,68,82,64,952,807,1020,252,314,116,394,46,198,224,173,159,24,121,155,331,900,240,834,60,255,239,135,250,281,205,311,98,244,186,895,123,346,70,192,79,290,210,293,239,603,196,384,139,262,43,152,178,561,296,92,630,147,108,135,342,140,463,197,239,509,262,50,194,392,166,77,913,180,150,154,225,104,419,241,154,113
76,67,59,371,60,43,86,22,51,32,228,223,85,49,31,311,19,58,61,96,49,48,109,47,56,54,48,58,78,9,61,42,44,68,50,49,61,78,109,144,105,73,57,73,63,31,86,117,37,38,28,33,45,65,73,46,268,35,60,64,73,73,236,33,140,166,163,131,377,98,232,122,121,108,202,112,183,194,100,257,108,144,218,217,176,261,62,169,214,282,189,161,16,200,240,252,155,294,223,136,101,278,206,202,126,93,105,160,135,123,169,323,34,124,86,105,15,60,115,39,50,119,170,28,59,140,111,266,83,42,176,148,24,35,48,54,165,16,71,37,40,32,312,319,367,89,106,41,129,17,65,88,50,70,7,51,61,123,318,99,273,14,100,100,63,89,88,68,102,37,90,46,261,39,96,19,98,27,116,59,97,85,220,69,192,37,109,6,66,42,197,112,37,171,61,60,60,160,42,171,79,87,168,86,20,77,133,72,25,304,58,51,46,61,37,148,71,56,56
290,234,319,1128,179,152,258,48,381,74,385,772,120,123,93,635,42,111,89,406,107,99,292,87,117,65,52,95,153,38,92,63,105,93,68,99,68,104,124,153,154,82,119,116,101,46,129,150,62,91,44,37,66,86,107,92,209,85,88,104,89,117,235,76,623,635,589,500,1040,277,841,405,458,206,794,441,619,644,434,683,502,523,669,716,684,809,214,534,1395,732,699,485,50,767,979,847,724,1030,796,418,383,1111,911,771,529,331,259,640,610,599,580,1623,83,238,165,162,29,100,233,55,69,208,316,35,125,330,211,533,154,97,279,171,33,49,70,116,285,21,115,32,55,45,702,526,687,189,165,84,223,25,133,164,110,106,21,70,115,220,623,127,704,46,160,117,85,149,174,99,179,47,156,85,527,64,187,36,141,39,183,118,188,140,410,131,233,77,145,19,108,88,464,143,47,397,74,95,100,195,104,304,104,167,303,190,33,92,291,66,39,671,117,89,75,137,45,307,157,91,64
299,249,303,984,198,153,360,93,289,80,475,830,188,201,115,652,57,143,150,373,134,144,322,133,145,117,92,152,234,38,156,110,153,174,116,138,109,170,199,254,227,162,157,179,172,78,213,209,121,97,60,95,121,141,179,124,319,125,139,145,144,225,470,101,497,470,605,400,997,249,673,327,369,301,705,374,560,554,389,606,392,506,596,748,568,694,186,437,746,786,618,509,54,564,826,712,584,844,672,434,303,872,632,612,459,290,285,454,428,369,545,1189,154,544,368,422,41,192,445,102,103,523,768,65,213,669,454,1104,326,145,676,252,45,77,196,176,685,52,252,55,88,102,1563,1312,1521,379,447,177,501,44,253,310,218,125,23,239,185,487,1437,234,748,67,389,236,149,405,360,174,533,74,495,203,1280,126,514,68,240,69,391,240,377,360,954,262,570,152,276,33,214,254,1170,294,81,847,128,149,195,397,179,666,253,315,694,425,80,206,587,137,52,1727,280,213,170,297,114,649,325,235,106
186,190,201,661,134,78,230,28,318,21,215,596,85,56,64,326,21,67,67,386,47,54,107,43,49,46,29,41,59,8,49,36,36,52,29,34,36,54,59,102,52,50,55,73,42,23,55,63,33,34,25,37,25,54,54,35,108,39,61,41,47,60,149,29,443,442,420,331,923,153,615,241,249,82,711,267,465,455,285,516,314,410,450,631,510,576,117,423,758,591,528,332,15,530,839,593,449,806,654,289,237,804,614,521,272,230,167,454,369,391,347,1254,116,261,158,185,14,95,281,47,53,268,296,30,134,416,185,574,164,133,354,145,18,48,90,98,390,17,139,21,45,37,870,966,823,289,167,70,285,24,129,130,130,79,4,90,98,242,661,96,647,27,225,121,78,121,178,81,199,46,223,136,841,53,216,31,107,42,196,117,211,218,947,129,362,113,150,18,120,109,835,165,53,369,80,94,135,188,94,342,110,182,341,212,31,77,279,73,25,882,164,76,107,204,72,435,168,120,45
57,49,41,264,28,57,109,22,58,19,179,269,74,48,27,157,21,38,79,91,26,39,71,62,59,61,59,64,93,16,93,39,47,107,41,83,57,87,110,182,98,81,104,98,62,22,105,119,54,39,18,44,42,68,59,55,166,48,65,77,62,102,216,38,184,163,185,144,451,57,255,135,122,117,242,120,182,242,108,330,125,227,198,192,231,309,71,226,469,369,191,163,15,265,282,232,203,282,308,136,86,312,253,193,144,131,99,172,218,142,175,372,47,129,109,110,16,84,196,59,61,138,154,39,86,194,130,351,110,86,186,139,30,37,59,101,201,22,135,35,55,25,539,513,453,186,132,61,428,15,91,82,62,62,11,58,109,150,377,174,334,15,151,153,66,88,106,82,110,63,126,60,405,66,130,29,342,39,143,95,115,95,746,68,273,73,116,7,82,55,394,105,59,235,95,84,119,219,71,155,73,101,224,121,21,70,161,77,36,472,122,64,51,117,56,268,102,73,53
111,112,110,521,72,66,143,24,156,31,222,389,78,50,38,272,18,44,65,159,40,64,109,32,50,39,36,41,56,17,52,28,32,60,37,49,30,71,55,115,74,45,64,76,51,26,63,49,28,23,17,22,22,67,56,37,79,31,48,40,43,70,116,23,369,393,321,268,710,143,559,248,249,94,528,233,390,357,242,381,295,322,353,463,396,509,113,336,792,505,421,227,24,472,626,478,365,643,487,271,209,719,506,439,254,188,126,353,315,327,276,1011,58,136,79,108,20,68,124,40,61,175,146,33,56,209,116,352,95,52,173,96,20,42,44,106,175,18,98,32,55,21,414,369,546,165,104,46,254,16,59,84,74,69,8,33,60,120,396,91,735,19,116,118,47,74,87,55,102,35,116,84,394,50,152,26,234,41,132,72,117,107,571,96,229,52,95,19,61,57,379,77,39,172,63,61,81,145,55,157,64,59,172,119,17,53,146,49,27,484,75,46,44,98,51,290,102,68,42
130,121,100,475,89,117,202,32,146,30,192,552,96,71,42,267,29,58,99,235,36,89,91,60,58,62,33,68,93,12,87,47,47,99,49,61,58,90,90,95,79,88,84,94,71,35,96,97,42,55,25,42,53,69,77,78,122,58,68,64,62,119,185,39,310,306,350,244,779,103,420,178,221,178,538,221,368,486,258,418,229,421,344,459,385,460,90,341,492,513,418,238,22,381,605,426,350,603,447,263,175,506,386,431,259,167,180,292,290,242,324,828,382,1029,517,616,43,294,996,65,83,1065,958,32,510,1653,745,2057,527,320,1184,173,34,46,256,167,2088,45,610,35,64,136,3794,3970,2652,1343,650,201,1779,19,481,427,281,77,16,418,271,1128,2700,142,1330,61,669,182,101,434,565,101,758,70,1109,275,3138,63,760,35,599,138,557,325,856,749,4707,514,1138,369,381,16,455,394,3782,443,62,1366,148,367,393,398,272,1300,505,501,1393,741,131,185,1141,73,67,3948,698,200,237,692,176,1824,588,402,62
195,164,216,934,137,109,308,41,274,49,261,545,85,72,54,540,54,106,103,307,71,66,160,40,44,62,41,45,69,15,60,45,44,69,38,50,41,82,77,170,82,64,67,78,58,39,81,90,45,44,22,33,40,70,55,52,378,45,67,54,54,75,435,37,426,500,379,322,759,204,526,246,303,147,554,354,484,442,279,444,341,430,449,618,461,577,147,423,619,579,463,408,36,536,769,615,456,656,607,307,286,794,677,524,310,182,170,421,363,304,442,1089,51,144,93,143,39,90,112,65,71,127,173,40,51,157,103,295,97,79,195,262,28,46,46,98,105,33,69,38,55,43,316,193,400,111,116,65,175,23,78,116,77,99,21,59,100,87,320,128,709,22,106,144,104,104,113,118,102,44,111,64,331,68,126,34,138,48,130,83,126,88,213,83,197,37,120,14,69,58,228,141,45,196,85,68,102,232,64,156,113,86,166,132,32,107,153,114,34,360,73,90,63,97,28,188,101,62,91
42,40,39,257,36,37,64,15,38,21,149,145,62,32,33,222,38,32,62,63,30,47,71,37,36,30,42,43,57,9,58,32,33,41,26,44,32,85,63,278,57,47,40,49,40,17,56,55,28,22,27,24,24,70,50,22,290,37,55,45,40,51,294,30,126,114,130,100,240,59,162,77,108,81,137,105,106,158,61,211,99,105,135,169,120,163,70,132,169,199,134,126,16,146,164,163,145,200,194,90,70,195,135,112,87,84,83,141,101,101,163,235,25,72,62,86,16,60,76,66,51,64,83,38,34,96,100,157,53,37,129,185,19,27,35,60,72,16,51,27,33,24,200,126,197,78,100,49,132,23,47,52,41,53,11,25,62,63,191,100,261,11,64,89,70,69,83,61,60,39,59,33,139,44,77,23,157,33,83,53,80,54,102,62,151,30,66,9,41,40,139,76,58,100,70,51,105,168,42,100,106,76,81,69,24,64,79,104,23,192,37,61,29,56,26,109,58,42,73
88,85,99,438,78,116,101,22,96,27,159,306,68,55,34,291,22,49,73,122,38,55,100,31,42,47,34,50,59,7,48,26,33,60,42,52,47,72,52,104,76,42,69,65,54,28,75,91,35,30,22,25,25,57,44,35,211,41,41,56,33,65,169,32,280,327,245,212,547,127,403,165,213,119,346,186,278,292,179,386,271,270,317,333,294,474,110,289,1719,381,312,214,20,425,495,384,313,514,418,241,217,514,450,376,306,134,98,350,614,456,266,717,49,119,79,97,17,56,103,59,50,112,150,24,51,197,113,339,79,50,149,137,28,37,43,132,96,27,70,30,45,24,282,206,390,111,73,58,142,17,49,120,67,66,9,28,70,109,287,84,488,24,114,72,56,84,95,84,72,36,91,49,273,41,111,28,110,31,137,65,82,63,154,81,136,39,77,10,48,62,204,96,48,154,59,65,74,167,35,161,66,95,133,114,20,71,138,65,22,372,59,64,51,58,34,161,65,65,44
123,104,112,534,92,69,176,41,127,28,188,391,107,85,50,360,46,67,104,173,62,58,156,58,82,64,39,68,145,31,76,53,57,97,56,72,60,89,105,160,83,85,77,94,80,47,87,131,43,52,28,43,54,73,84,72,288,53,91,66,81,113,310,41,266,293,296,188,616,150,346,162,203,142,421,236,330,311,214,366,199,249,343,389,307,432,110,285,416,456,355,339,26,346,497,412,324,428,394,240,178,465,338,404,269,174,165,280,221,253,331,561,538,1936,1357,1058,167,366,1267,107,115,1988,2221,44,483,2678,1816,4788,1345,253,2135,222,55,75,521,545,1553,269,522,52,99,295,5595,2091,5480,1880,1020,462,1240,55,644,947,814,83,62,748,778,2480,3888,133,1652,208,1679,341,221,1033,1426,99,1602,92,1652,565,4658,75,1715,48,215,153,1239,837,1380,1073,2724,646,1609,408,795,43,586,1000,5416,1067,57,1965,102,355,393,695,500,3034,841,1107,1562,1851,189,551,3395,139,115,10469,626,623,642,831,241,2314,1275,773,243
256,217,292,826,166,128,331,43,306,42,335,692,93,107,73,475,41,99,101,440,71,91,203,51,64,57,46,67,58,15,80,49,68,102,51,47,59,86,82,159,103,73,58,119,79,34,77,84,50,42,31,32,57,79,61,50,170,62,75,62,58,70,215,32,447,481,438,330,795,191,574,266,301,138,609,339,541,525,316,527,331,434,512,657,516,609,173,485,661,828,516,456,41,515,1044,693,488,782,629,340,268,759,795,575,303,227,163,397,376,358,465,1170,403,1020,678,614,38,258,1020,83,84,1156,1226,40,511,1331,853,2394,817,291,1425,235,30,53,343,199,1376,49,411,43,83,182,4199,3233,3230,990,676,258,942,36,469,595,313,80,23,474,355,1027,2369,168,1470,89,923,204,110,595,669,119,708,43,891,373,3019,96,776,50,145,126,569,542,698,743,3242,454,1479,397,429,27,408,454,3590,622,78,1001,95,295,369,470,239,1322,397,457,995,803,141,252,1391,138,52,3771,608,241,296,706,197,1562,641,471,68
97,60,51,237,44,39,112,24,52,29,174,210,98,56,29,201,26,42,81,106,43,56,80,70,60,61,58,55,83,12,78,43,67,88,52,71,62,98,97,243,110,68,87,102,58,41,108,105,38,44,36,34,50,92,74,64,183,57,62,54,64,92,209,33,136,156,163,117,379,75,208,103,139,111,159,108,168,195,127,269,107,176,190,208,199,257,60,210,218,340,181,172,18,206,269,239,195,272,279,143,96,235,221,177,127,119,99,130,125,113,193,349,153,356,210,212,24,136,415,115,90,362,422,46,166,457,279,831,343,155,529,213,41,54,113,108,583,19,198,31,68,54,1419,1537,908,382,273,124,425,16,175,177,127,127,7,137,154,375,907,180,623,38,338,184,96,193,254,124,236,56,342,123,1194,73,272,37,199,80,230,168,285,267,2056,194,583,141,201,7,131,121,1533,208,94,457,110,144,197,313,95,466,202,225,424,299,61,137,390,144,41,1252,214,130,113,256,80,647,290,155,95
125,73,138,421,74,114,129,22,112,31,150,272,51,55,28,229,21,55,65,164,28,76,116,29,36,35,25,43,53,12,45,38,38,39,28,28,24,54,63,110,79,36,46,78,45,18,42,65,24,30,13,18,26,63,59,31,74,35,43,51,36,65,112,26,206,280,261,182,420,126,325,136,197,106,253,170,254,261,174,342,217,293,301,301,345,476,97,291,2412,356,265,237,29,418,528,378,258,455,348,237,246,476,358,319,318,149,90,235,713,576,221,631,148,342,265,223,8,114,352,40,56,392,434,20,192,491,299,1066,421,117,444,89,18,27,119,189,455,24,190,30,44,57,1669,1089,1033,349,213,87,311,26,168,282,115,40,11,116,124,421,850,86,792,34,329,94,41,206,265,60,262,27,257,166,1137,56,279,19,113,65,224,149,293,237,1561,191,575,131,168,10,145,120,1305,266,50,446,57,98,145,205,120,488,111,216,330,276,50,109,522,49,16,1594,229,85,103,282,80,680,221,143,31
155,164,148,518,134,89,248,46,148,51,241,504,134,119,59,334,37,87,119,209,71,102,179,97,106,73,55,111,119,28,122,65,83,130,80,89,80,106,139,185,135,100,124,153,92,49,132,123,69,70,43,46,74,103,121,78,183,88,110,109,93,148,275,66,329,321,420,251,709,171,379,177,269,163,462,241,399,335,242,437,225,293,387,543,418,501,122,352,468,571,438,369,31,370,658,492,340,535,498,320,224,536,428,418,288,210,207,277,247,266,404,759,308,683,350,389,39,197,946,101,105,924,1136,52,378,975,431,2130,904,199,1002,252,32,73,168,160,1755,40,390,41,104,88,3543,4929,2201,873,558,210,737,35,358,329,252,108,27,285,248,830,2023,195,1259,66,583,231,135,349,379,124,488,63,761,257,2986,110,619,41,230,119,428,284,633,505,7153,537,1192,287,313,21,316,333,4929,344,99,1102,127,210,406,427,222,833,305,404,1211,600,188,191,742,165,49,3366,454,205,209,462,139,1555,508,321,99
36,25,26,174,29,16,60,11,27,13,115,147,43,38,17,116,10,20,31,58,26,33,38,31,35,21,20,29,40,10,60,18,41,41,26,53,10,21,64,62,50,47,41,40,34,20,40,43,31,16,12,21,26,28,33,43,45,46,29,39,21,42,99,23,95,126,113,81,225,43,155,100,85,49,142,71,151,140,80,146,73,113,129,202,127,175,31,99,203,321,133,91,12,138,176,149,112,240,157,90,55,173,229,122,98,70,57,98,79,78,94,256,57,181,81,156,13,61,212,38,40,194,253,18,94,264,190,352,110,69,294,134,4,18,39,59,383,12,87,14,37,35,616,1255,583,175,145,156,188,12,83,105,53,37,1,61,69,155,486,64,188,21,131,69,107,123,122,44,168,27,184,62,598,48,157,21,58,28,114,74,164,143,689,105,319,43,89,6,76,57,634,102,31,281,37,77,74,149,57,216,106,96,271,161,47,64,189,72,17,543,105,67,58,109,29,247,142,76,38
17,12,18,64,18,7,26,5,7,6,63,56,21,18,7,43,6,19,22,24,6,21,30,12,9,9,8,13,12,4,13,13,12,16,6,22,15,9,20,17,22,13,13,16,10,3,17,23,9,11,5,2,10,10,12,14,28,10,12,12,16,15,37,9,32,34,53,30,78,20,46,32,45,34,43,19,46,59,23,59,29,39,61,50,47,59,19,36,59,57,49,42,3,48,39,55,37,54,49,42,21,56,45,41,40,29,28,29,23,24,41,68,54,128,78,65,8,43,143,21,18,93,163,6,60,134,158,216,71,32,134,34,6,7,37,25,289,6,53,7,10,31,408,344,273,122,71,37,172,3,44,44,32,14,1,40,33,112,342,22,98,13,78,26,33,71,79,22,71,10,110,23,385,10,93,8,74,15,58,41,69,68,438,54,155,35,72,1,46,49,367,56,8,178,14,53,41,91,24,121,70,68,166,105,19,71,118,36,15,186,76,48,19,77,13,208,63,61,12
40,19,24,175,22,25,25,6,19,10,96,147,52,47,13,93,10,14,39,47,7,24,35,35,33,30,14,31,40,9,32,18,43,29,18,28,25,17,56,26,45,32,31,24,34,12,48,34,20,15,10,8,21,12,38,20,42,28,21,27,36,41,81,17,100,81,132,78,252,47,159,82,86,72,139,64,94,128,55,168,75,108,119,104,121,148,34,101,172,175,163,72,9,126,167,135,121,202,146,87,71,191,121,158,85,71,63,119,65,73,72,251,49,248,164,245,42,93,520,62,72,193,401,23,94,254,425,703,131,60,249,76,13,43,66,304,400,124,105,37,62,68,602,555,585,161,158,91,280,13,83,111,123,37,11,82,93,168,568,70,181,47,143,133,130,138,165,49,316,33,249,96,443,54,335,37,66,36,160,254,133,121,389,161,170,55,77,13,80,83,414,237,25,704,41,72,150,135,66,244,169,146,419,210,34,185,271,16,44,349,77,162,104,119,35,190,231,97,109
73,43,39,212,39,45,67,19,44,28,219,163,42,60,16,202,16,46,53,70,51,44,117,28,30,24,9,23,27,8,28,10,30,38,22,24,11,31,49,44,42,32,25,33,42,19,38,52,20,14,17,18,23,22,31,26,64,23,26,40,25,41,87,21,61,84,111,57,245,41,135,58,133,73,92,88,119,157,59,127,66,100,115,152,114,115,29,72,127,123,103,127,12,93,102,151,99,146,108,81,75,130,127,115,100,55,76,66,73,72,99,121,57,169,99,180,16,84,250,27,35,228,310,18,78,235,130,451,113,71,265,95,17,25,47,52,323,11,164,26,35,29,645,813,652,265,179,65,659,7,108,126,74,53,6,63,51,195,598,47,290,19,184,88,47,114,94,61,159,27,173,72,697,42,189,22,518,46,148,78,122,107,626,80,269,63,85,8,81,99,715,127,31,315,57,71,126,139,73,219,99,117,318,180,36,74,179,36,20,544,114,51,48,136,38,288,129,76,24
35,25,20,182,25,16,44,5,7,8,133,122,37,31,4,107,10,16,23,47,14,13,32,15,18,9,5,18,25,0,14,5,9,13,8,13,6,5,17,16,17,6,10,11,19,3,16,18,8,7,4,7,6,8,12,15,28,8,14,12,7,17,26,10,72,72,86,65,200,39,104,69,69,42,149,48,95,98,38,111,57,80,80,114,90,150,35,67,155,143,121,71,2,104,165,125,76,182,100,86,57,129,106,101,64,58,34,65,67,70,45,183,19,66,40,59,8,28,81,23,40,59,100,9,29,61,62,129,50,26,61,46,8,13,15,36,102,9,43,10,19,10,197,238,188,64,49,30,80,4,32,36,23,35,3,16,34,60,180,41,70,12,50,42,35,50,49,25,50,29,57,14,329,29,43,13,56,11,52,31,39,44,194,31,113,24,29,2,32,42,221,33,12,106,21,28,48,70,22,83,46,58,120,54,13,28,64,21,5,151,45,21,24,37,13,116,36,31,18
14,20,12,123,16,20,26,9,7,9,84,82,24,27,8,102,6,11,30,30,10,21,35,19,10,14,4,18,20,2,16,9,15,20,10,13,9,14,21,24,22,22,16,20,21,4,20,17,11,10,11,10,12,14,18,17,36,16,19,15,20,18,27,8,54,62,64,45,181,37,78,43,58,49,71,42,58,115,33,98,44,92,85,63,74,97,25,58,123,120,83,62,2,53,81,82,77,102,85,47,31,110,74,68,51,50,36,64,55,51,46,137,23,64,45,57,12,30,119,19,15,54,130,17,66,96,72,160,88,25,92,41,12,13,25,23,254,7,117,10,20,18,361,514,205,115,92,38,243,3,83,40,24,15,4,26,32,110,288,41,130,14,76,38,17,74,56,34,58,19,87,24,501,21,62,10,270,16,60,20,63,42,592,53,206,42,48,1,46,41,550,48,8,226,29,46,109,72,24,90,36,61,242,80,18,50,76,17,10,182,60,25,14,40,8,190,45,55,9
45,23,21,192,41,26,45,10,29,10,125,212,50,28,20,145,11,14,39,48,19,25,33,22,19,19,12,22,34,8,22,16,19,27,12,29,30,17,51,27,33,23,23,24,22,6,30,30,17,12,6,11,13,19,34,20,33,22,22,20,26,39,53,13,144,157,133,125,422,45,280,135,118,86,265,76,141,206,86,236,117,128,165,160,189,196,40,126,280,201,227,86,4,215,242,168,151,321,185,117,60,266,197,220,100,86,75,172,109,120,84,403,40,139,84,147,30,53,456,36,74,112,273,17,64,155,150,702,106,29,122,93,20,46,34,144,350,52,92,22,62,29,380,679,439,127,141,84,240,12,60,79,69,45,9,29,69,124,639,58,177,22,73,113,54,94,94,45,219,33,176,59,442,58,193,10,169,29,131,88,101,56,467,145,184,22,65,8,54,92,445,171,22,678,46,48,223,114,47,144,87,83,448,149,30,108,110,27,25,262,54,89,44,62,29,184,175,56,33
70,43,27,319,40,94,44,9,23,25,261,336,66,41,12,344,27,37,152,111,25,95,86,23,30,17,7,27,30,8,26,14,21,27,10,20,29,17,33,38,26,32,29,31,38,12,31,34,20,16,14,20,17,25,23,19,43,29,15,17,25,42,59,16,113,94,149,95,315,57,186,74,114,122,188,91,122,404,53,162,69,292,164,142,149,171,32,126,166,216,164,125,7,132,206,158,153,193,137,109,62,157,181,126,115,78,56,116,172,96,119,236,71,165,108,317,16,123,418,36,51,155,311,40,106,217,112,461,186,54,212,173,18,35,40,51,689,16,793,21,60,46,755,1715,452,653,278,80,3149,17,119,122,62,61,8,53,88,227,769,101,296,26,152,146,57,112,127,90,152,72,197,73,1008,62,126,30,2900,101,194,63,133,109,1467,136,360,61,87,9,131,122,1773,112,27,738,190,81,306,162,99,257,84,176,724,219,37,125,127,34,83,495,104,56,32,156,49,443,210,115,52
18,18,11,121,10,16,26,5,8,3,59,86,23,16,7,54,4,13,18,20,3,20,17,15,11,10,4,9,15,3,19,7,10,10,2,13,8,13,16,20,20,16,17,7,12,4,13,13,10,8,5,4,8,6,9,10,20,5,3,10,10,8,17,3,43,50,61,46,141,15,70,35,42,42,84,21,55,65,30,75,42,35,61,84,51,72,20,44,82,98,83,30,10,66,96,79,81,120,61,30,20,114,56,59,40,31,24,47,42,35,39,125,23,58,28,45,6,18,77,10,22,41,75,8,22,69,55,109,38,17,64,35,2,12,19,25,105,8,31,8,20,15,143,245,140,43,36,20,59,3,29,29,15,13,2,21,27,53,110,28,61,7,30,38,25,31,46,17,61,14,40,21,210,17,48,5,32,9,29,31,30,29,174,29,85,13,37,3,27,26,135,38,12,98,15,27,35,55,22,51,24,27,68,49,6,49,44,11,12,104,20,24,26,23,12,77,49,19,18
18,12,7,68,7,10,15,4,6,3,25,40,15,16,8,40,8,13,19,16,3,13,11,8,10,13,5,4,10,3,8,4,8,3,9,11,5,9,12,13,9,15,14,9,11,1,9,11,5,6,3,3,5,7,6,10,20,12,7,6,6,9,25,8,24,30,28,27,72,9,44,32,34,30,39,19,29,39,15,50,26,32,28,36,38,46,16,36,37,51,46,25,6,33,47,38,31,50,32,32,12,46,39,34,24,29,15,18,31,24,20,67,22,58,31,27,2,18,71,9,11,42,61,6,27,57,60,83,28,12,68,33,4,13,17,21,128,8,47,4,11,20,184,201,96,48,47,24,85,5,36,25,20,12,4,20,24,52,144,22,64,6,25,23,15,33,36,6,28,11,51,22,175,20,47,4,80,10,23,22,38,26,196,22,70,21,31,2,21,20,183,20,7,94,14,23,22,57,17,50,37,43,89,57,8,34,49,21,8,89,28,33,14,29,9,76,38,34,11
38,26,21,144,21,24,39,10,23,10,60,158,55,29,10,80,12,21,30,41,12,39,24,30,21,27,15,18,38,1,28,9,19,33,19,16,24,19,51,33,31,23,34,20,30,14,32,34,20,20,10,6,14,15,25,38,30,20,25,26,20,45,45,17,109,122,146,114,324,24,189,93,86,72,194,52,78,128,73,166,62,119,110,119,109,165,41,92,294,194,145,75,6,133,128,154,131,208,155,88,65,191,140,133,97,66,51,153,100,106,55,246,79,399,259,308,40,131,685,42,66,198,479,19,137,272,739,1028,161,55,340,82,26,38,97,352,551,142,159,37,72,103,676,540,609,183,162,129,350,16,100,135,173,48,25,88,132,245,640,65,201,56,159,127,111,256,263,34,398,35,272,111,457,67,538,25,72,43,186,371,129,136,406,212,240,73,78,15,107,137,460,300,32,1171,37,71,227,182,76,328,282,191,475,262,28,365,347,18,43,336,83,344,111,144,43,197,454,97,131
36,25,19,134,32,38,19,14,11,11,82,154,39,22,8,150,13,27,67,51,15,48,28,17,13,19,4,14,31,3,20,14,14,15,5,35,14,13,32,52,27,22,13,11,19,7,18,24,14,6,13,13,10,19,15,19,25,13,20,11,16,27,61,3,55,65,74,49,183,29,111,50,66,85,65,54,57,165,32,95,47,120,77,69,81,120,23,62,77,126,105,66,9,83,99,99,86,107,86,54,33,87,85,71,68,56,54,61,80,54,60,127,110,355,208,267,20,109,464,24,32,329,455,13,202,499,309,669,195,93,386,87,6,37,109,56,884,8,331,16,19,53,1219,1251,838,475,270,92,1091,5,177,167,92,32,9,159,101,391,1026,54,411,18,224,87,20,217,206,53,299,34,441,75,1022,33,235,12,736,47,175,125,272,231,1430,121,382,117,146,3,185,142,1383,150,46,667,64,116,163,186,105,413,239,242,620,272,47,142,359,12,34,889,207,77,67,222,51,578,248,155,36
51,52,34,243,32,28,66,12,31,17,197,207,55,32,13,183,9,24,42,52,27,43,61,22,21,23,10,30,30,3,38,17,18,42,20,23,26,14,31,55,31,25,34,33,29,13,32,34,29,21,15,18,11,22,24,24,42,30,29,25,19,33,67,18,120,133,185,106,313,55,144,82,91,62,150,104,126,188,89,206,99,132,155,204,180,237,47,153,224,422,144,150,11,111,252,192,141,285,171,105,73,212,273,161,107,83,78,119,86,117,128,297,58,175,118,141,19,56,319,29,36,194,384,22,104,206,158,471,142,53,279,169,12,20,53,55,479,8,126,25,30,42,803,1319,644,200,244,233,218,8,146,107,36,40,8,88,80,256,780,65,220,18,170,61,83,134,120,68,179,32,162,51,864,60,148,17,78,24,112,69,161,129,1055,110,414,76,100,13,93,105,1313,114,25,386,18,121,236,171,57,221,98,115,381,172,33,93,130,44,23,596,105,48,55,102,36,356,154,88,22
32,23,10,142,18,17,34,6,7,15,120,83,31,34,7,91,9,17,27,34,9,25,37,17,13,18,11,13,13,4,22,12,15,12,22,22,15,14,12,27,18,21,13,23,27,8,21,36,11,8,9,7,10,19,27,16,25,15,21,17,12,27,62,10,64,55,79,41,161,34,78,45,76,54,81,58,75,106,48,85,42,65,88,104,81,93,23,76,95,112,82,72,5,77,94,115,78,109,88,48,39,93,82,76,59,63,43,67,53,41,80,86,57,145,75,75,6,49,287,20,22,139,238,14,100,152,116,361,185,44,170,47,9,9,43,35,456,8,117,12,12,23,630,1250,435,155,164,51,217,8,107,74,33,28,2,55,33,202,686,49,164,15,108,44,22,109,96,37,111,30,144,39,793,21,118,8,118,17,87,58,104,87,1325,120,277,50,67,5,83,80,1173,78,12,439,19,35,252,127,37,151,65,88,399,126,33,75,100,25,11,378,101,33,27,73,22,307,106,75,11
45,35,32,241,30,29,85,11,25,12,145,168,51,58,23,136,14,29,47,71,19,50,35,32,31,28,13,20,36,8,28,11,28,31,31,38,27,24,47,28,44,41,34,34,43,19,47,52,14,22,9,13,32,33,28,44,53,20,18,23,31,54,76,21,127,133,149,130,407,46,236,96,137,100,203,77,126,198,79,217,100,160,172,187,175,220,46,142,243,286,183,121,11,182,244,207,171,303,216,144,84,260,178,200,95,91,77,162,89,110,105,358,50,163,90,130,27,52,428,40,77,159,333,11,109,182,128,635,146,54,184,59,19,24,47,87,383,22,103,16,51,34,577,1038,609,119,174,81,196,20,84,94,73,48,9,51,58,169,665,79,167,50,89,101,53,118,120,62,191,40,182,41,591,41,147,27,104,30,145,97,148,102,772,129,258,58,92,8,71,71,750,114,24,516,33,52,236,155,53,188,81,111,382,161,40,87,112,21,16,410,90,80,50,95,24,219,146,87,44
105,103,72,479,58,93,90,33,37,46,397,382,120,104,35,372,34,90,155,152,67,103,151,39,58,32,31,51,64,15,54,37,64,73,46,48,40,48,84,114,65,44,70,73,62,31,67,90,35,36,18,26,31,62,70,49,98,35,60,54,45,81,158,36,193,182,264,146,449,98,272,145,204,177,249,145,229,348,131,263,135,233,232,280,211,297,81,191,321,384,255,241,20,194,276,316,227,370,225,201,135,297,302,226,233,158,164,189,185,167,218,355,151,414,228,389,19,165,983,91,101,526,1077,47,242,534,266,1297,474,116,545,167,15,60,128,99,1510,19,456,38,73,59,2199,4120,1424,562,506,211,1273,22,327,229,135,122,12,161,132,699,2069,144,570,53,334,173,86,296,240,117,356,74,482,98,2260,112,334,41,1110,82,309,152,340,218,3995,316,786,164,189,16,237,264,4271,250,38,1254,133,145,802,356,136,475,226,273,1165,460,80,208,282,69,49,1446,292,91,94,268,94,913,353,224,55
